,sentences,words,word_meanings,predict_meaning
0,物【有】本末，事有终始,有,"1、<动>与“无”相对
<例句：有朋自远方来，不亦乐乎。>
2、<动>占有
<例句：沛公欲王关中，使子婴为相，珍宝尽有之。>
3、<动>掌握
<例句：有道之士，贵以近知远。>
4、<形>富有
<例句：礼生于有而废于无。>
5、<名>收获；出产的东西
<例句：退而甘食其土之有。>
6、<连>或者
<例句：故君子有不战，战则必胜。>
7、<助>用在动词前，以助语气
<例句：干将发硎，有作其芒。>
8、<副>通“又”，表示进一层
<例句：虽有槁暴，不复挺者，輮使之然也。>
9、<连>通“又”，用于整数与零数之间
<例句：臣密今年四十有四。>
10、<动>与“无”相对
<例句：有朋自远方来，不亦乐乎。>
11、<动>占有
<例句：沛公欲王关中，使子婴为相，珍宝尽有之。>
12、<动>掌握
<例句：有道之士，贵以近知远。>
13、<形>富有
<例句：礼生于有而废于无。>
14、<名>收获；出产的东西
<例句：退而甘食其土之有。>
15、<连>或者
<例句：故君子有不战，战则必胜。>
16、<助>用在动词前，以助语气
<例句：干将发硎，有作其芒。>
17、<副>通“又”，表示进一层
<例句：虽有槁暴，不复挺者，輮使之然也。>
18、<连>通“又”，用于整数与零数之间
<例句：臣密今年四十有四。>
",<动>与“无”相对
1,知所先后，则近道【矣】,矣,"1、用于陈述句尾。助肯定语气。有的可译为''了""，有的可不译。助已然语气，说明事情已实现，可译为""了""。助将然语气，说明事情将要实现，可译为""了""。
<例句：此为长江之险已与我共之矣。>
<例句：原庄宗之所以得天下，与其所以失之者，可以知之矣。>
<例句：庭有枇杷树，吾妻死之年所手植也，今已亭亭如盖矣。>
<例句：事急而不断，祸至无日矣！>
2、用于感叹句。助感慨、讥刺、赞颂语气，可译为""了""""啊""。
<例句：甚矣，汝之不惠！>
<例句：呜呼，烈矣！>
3、用于祈使句，助请求、劝勉、禁止语气，可译为''吧""。
<例句：愿君即以遂备员而行矣。>
<例句：公子勉之矣，老臣不能从。>
4、用于疑问句末，助疑问语气。
<例句：年几何矣？>
","用于陈述句尾。助肯定语气。有的可译为''了""，有的可不译。助已然语气，说明事情已实现，可译为""了""。助将然语气，说明事情将要实现，可译为""了""。"
2,古之【欲】明明德于天下者，先治其国,欲,"1、<动>想要得到；需要
<例句：鱼，我所欲也，熊掌，亦我所欲也。>
2、<动>希望
<例句：吾欲之南海，何如?>
3、<副>将要；将
<例句：森然欲搏人。>
4、<名>愿望
<例句：乃诈称公子扶苏、项燕，从民之欲也。>
5、<名>贪欲
<例句：暴秦之欲无厌。>
",<动>希望
3,古之欲明明德于天下【者】，先治其国,者,"1、助词，主要有两种用法。一种是附在别的词或短语之后，组成名词性短语。
<例句：将藏之于家，使来者读之，悲予志焉。>
<例句：用叶者取叶初长足时，用芽者自从本说，用花者取花初敷时，用实者成实时采。>
2、""者""的另一种用法是放在一个词或一组词后边，起提顿作用，先用""……者""提出在说明的事物，稍微停顿一下，然后说明或论断。
<例句：大阉之乱，缙绅而能不易其志者，四海之大，有几人欤？>
<例句：古之让天子者，是去监门之养而离臣虏之劳也。>
3、""者""有时放在时间副词之后，起语助作用，可不译。
<例句：今者项庄拔剑舞，其意常在沛公也。>
4、""者""有时放在数词后边，可译为""个""""样""之类。
<例句：此数者用兵之患也，而操皆冒行之。>
","""者""的另一种用法是放在一个词或一组词后边，起提顿作用，先用""……者""提出在说明的事物，稍微停顿一下，然后说明或论断。"
4,古之欲明明德于天下者，先治【其】国,其,"2、第三人称代词。一般代人，用在动词或形容词之前，作主谓短语中的小主语。
<例句：秦王恐其破璧（《廉颇蔺相如列传》）""其破璧""作宾语）\n>
3、的""。
<例句：今肃迎操，操当以肃还付乡党，品其名位，犹不失下曹从事。>
<例句：而余亦悔其随之而不得极夫游之乐也。>
4、指示代词，表远指。作定语，可译为""那""""那个""""那些""""那里""。
<例句：则或咎其欲出者。>
<例句：今操得荆州，奄有其地。>
5、指示代词，表示""其中的""，后面多为数词。
<例句：于乱石间择其一二扣之。>
6、指示代词，表示近指，相当于“这”，“这个”，“这些”。
<例句：有蒋氏者，专其利三世矣。>
","的""。"
5,【欲】治其国者，先齐其家，欲齐其家者，先修其身,欲,"1、<动>想要得到；需要
<例句：鱼，我所欲也，熊掌，亦我所欲也。>
2、<动>希望
<例句：吾欲之南海，何如?>
3、<副>将要；将
<例句：森然欲搏人。>
4、<名>愿望
<例句：乃诈称公子扶苏、项燕，从民之欲也。>
5、<名>贪欲
<例句：暴秦之欲无厌。>
",<动>希望
6,欲【治】其国者，先齐其家，欲齐其家者，先修其身,治,"1、<动>治理
<例句：民不足而可治者，自下及今未之尝闻。>
2、<动>惩处
<例句：不效则治臣之罪。>
3、<动>医治
<例句：君有疾在腠理，不治将恐深。>
4、<动>建造
<例句：为治斋宫河上。>
5、<动>整理；备办
<例句：于是约车治装，载券契而行。>
6、<动>训练
<例句：史公治兵，往来桐城。>
7、<动>对付；抵御
<例句：同心一意，共治曹操。>
8、<动>处理
<例句：单于使卫律治其事。>
9、<动>讲求；研究
<例句：此惟救死而恐不赡，奚暇治礼义哉。>
10、<名>地方政府所在地
<例句：州治德化县，即唐之浔阳县。>
11、<形>治理得好；太平
<例句：明于治乱，娴于辞令。>
",<动>治理
7,欲治【其】国者，先齐其家，欲齐其家者，先修其身,其,"2、第三人称代词。一般代人，用在动词或形容词之前，作主谓短语中的小主语。
<例句：秦王恐其破璧（《廉颇蔺相如列传》）""其破璧""作宾语）\n>
3、的""。
<例句：今肃迎操，操当以肃还付乡党，品其名位，犹不失下曹从事。>
<例句：而余亦悔其随之而不得极夫游之乐也。>
4、指示代词，表远指。作定语，可译为""那""""那个""""那些""""那里""。
<例句：则或咎其欲出者。>
<例句：今操得荆州，奄有其地。>
5、指示代词，表示""其中的""，后面多为数词。
<例句：于乱石间择其一二扣之。>
6、指示代词，表示近指，相当于“这”，“这个”，“这些”。
<例句：有蒋氏者，专其利三世矣。>
",。
8,欲治其国【者】，先齐其家，欲齐其家者，先修其身,者,"1、助词，主要有两种用法。一种是附在别的词或短语之后，组成名词性短语。
<例句：将藏之于家，使来者读之，悲予志焉。>
<例句：用叶者取叶初长足时，用芽者自从本说，用花者取花初敷时，用实者成实时采。>
2、""者""的另一种用法是放在一个词或一组词后边，起提顿作用，先用""……者""提出在说明的事物，稍微停顿一下，然后说明或论断。
<例句：大阉之乱，缙绅而能不易其志者，四海之大，有几人欤？>
<例句：古之让天子者，是去监门之养而离臣虏之劳也。>
3、""者""有时放在时间副词之后，起语助作用，可不译。
<例句：今者项庄拔剑舞，其意常在沛公也。>
4、""者""有时放在数词后边，可译为""个""""样""之类。
<例句：此数者用兵之患也，而操皆冒行之。>
","""者""的另一种用法是放在一个词或一组词后边，起提顿作用，先用""……者""提出在说明的事物，稍微停顿一下，然后说明或论断。"
9,欲治其国者，先齐【其】家，欲齐其家者，先修其身,其,"2、第三人称代词。一般代人，用在动词或形容词之前，作主谓短语中的小主语。
<例句：秦王恐其破璧（《廉颇蔺相如列传》）""其破璧""作宾语）\n>
3、的""。
<例句：今肃迎操，操当以肃还付乡党，品其名位，犹不失下曹从事。>
<例句：而余亦悔其随之而不得极夫游之乐也。>
4、指示代词，表远指。作定语，可译为""那""""那个""""那些""""那里""。
<例句：则或咎其欲出者。>
<例句：今操得荆州，奄有其地。>
5、指示代词，表示""其中的""，后面多为数词。
<例句：于乱石间择其一二扣之。>
6、指示代词，表示近指，相当于“这”，“这个”，“这些”。
<例句：有蒋氏者，专其利三世矣。>
",。
10,欲治其国者，先齐其家，【欲】齐其家者，先修其身,欲,"1、<动>想要得到；需要
<例句：鱼，我所欲也，熊掌，亦我所欲也。>
2、<动>希望
<例句：吾欲之南海，何如?>
3、<副>将要；将
<例句：森然欲搏人。>
4、<名>愿望
<例句：乃诈称公子扶苏、项燕，从民之欲也。>
5、<名>贪欲
<例句：暴秦之欲无厌。>
",<动>希望
11,欲治其国者，先齐其家，欲齐【其】家者，先修其身,其,"2、第三人称代词。一般代人，用在动词或形容词之前，作主谓短语中的小主语。
<例句：秦王恐其破璧（《廉颇蔺相如列传》）""其破璧""作宾语）\n>
3、的""。
<例句：今肃迎操，操当以肃还付乡党，品其名位，犹不失下曹从事。>
<例句：而余亦悔其随之而不得极夫游之乐也。>
4、指示代词，表远指。作定语，可译为""那""""那个""""那些""""那里""。
<例句：则或咎其欲出者。>
<例句：今操得荆州，奄有其地。>
5、指示代词，表示""其中的""，后面多为数词。
<例句：于乱石间择其一二扣之。>
6、指示代词，表示近指，相当于“这”，“这个”，“这些”。
<例句：有蒋氏者，专其利三世矣。>
","的""。"
12,欲治其国者，先齐其家，欲齐其家【者】，先修其身,者,"1、助词，主要有两种用法。一种是附在别的词或短语之后，组成名词性短语。
<例句：将藏之于家，使来者读之，悲予志焉。>
<例句：用叶者取叶初长足时，用芽者自从本说，用花者取花初敷时，用实者成实时采。>
2、""者""的另一种用法是放在一个词或一组词后边，起提顿作用，先用""……者""提出在说明的事物，稍微停顿一下，然后说明或论断。
<例句：大阉之乱，缙绅而能不易其志者，四海之大，有几人欤？>
<例句：古之让天子者，是去监门之养而离臣虏之劳也。>
3、""者""有时放在时间副词之后，起语助作用，可不译。
<例句：今者项庄拔剑舞，其意常在沛公也。>
4、""者""有时放在数词后边，可译为""个""""样""之类。
<例句：此数者用兵之患也，而操皆冒行之。>
","""者""的另一种用法是放在一个词或一组词后边，起提顿作用，先用""……者""提出在说明的事物，稍微停顿一下，然后说明或论断。"
13,欲治其国者，先齐其家，欲齐其家者，先修【其】身,其,"2、第三人称代词。一般代人，用在动词或形容词之前，作主谓短语中的小主语。
<例句：秦王恐其破璧（《廉颇蔺相如列传》）""其破璧""作宾语）\n>
3、的""。
<例句：今肃迎操，操当以肃还付乡党，品其名位，犹不失下曹从事。>
<例句：而余亦悔其随之而不得极夫游之乐也。>
4、指示代词，表远指。作定语，可译为""那""""那个""""那些""""那里""。
<例句：则或咎其欲出者。>
<例句：今操得荆州，奄有其地。>
5、指示代词，表示""其中的""，后面多为数词。
<例句：于乱石间择其一二扣之。>
6、指示代词，表示近指，相当于“这”，“这个”，“这些”。
<例句：有蒋氏者，专其利三世矣。>
","的""。"
14,【欲】修其身者，先正其心,欲,"1、<动>想要得到；需要
<例句：鱼，我所欲也，熊掌，亦我所欲也。>
2、<动>希望
<例句：吾欲之南海，何如?>
3、<副>将要；将
<例句：森然欲搏人。>
4、<名>愿望
<例句：乃诈称公子扶苏、项燕，从民之欲也。>
5、<名>贪欲
<例句：暴秦之欲无厌。>
",<动>希望
15,欲修其身【者】，先正其心,者,"1、助词，主要有两种用法。一种是附在别的词或短语之后，组成名词性短语。
<例句：将藏之于家，使来者读之，悲予志焉。>
<例句：用叶者取叶初长足时，用芽者自从本说，用花者取花初敷时，用实者成实时采。>
2、""者""的另一种用法是放在一个词或一组词后边，起提顿作用，先用""……者""提出在说明的事物，稍微停顿一下，然后说明或论断。
<例句：大阉之乱，缙绅而能不易其志者，四海之大，有几人欤？>
<例句：古之让天子者，是去监门之养而离臣虏之劳也。>
3、""者""有时放在时间副词之后，起语助作用，可不译。
<例句：今者项庄拔剑舞，其意常在沛公也。>
4、""者""有时放在数词后边，可译为""个""""样""之类。
<例句：此数者用兵之患也，而操皆冒行之。>
","""者""的另一种用法是放在一个词或一组词后边，起提顿作用，先用""……者""提出在说明的事物，稍微停顿一下，然后说明或论断。"
16,欲修其身者，先正其【心】,心,"1、<名>心脏
<例句：顺我，即先刺心。>
2、<名>心脏所在的胸部
<例句：此臣日夜切齿拊心也。>
3、<名>内心，古人认为心是思维的器官
<例句：读书三到，谓心到，眼到，口到。>
4、<名>想法；心意
<例句：勤而无所，必有悖心。>
5、<名>中心；中央
<例句：唯见江心秋月白。>
",<名>内心，古人认为心是思维的器官
17,【欲】正其心者，先诚其意,欲,"1、<动>想要得到；需要
<例句：鱼，我所欲也，熊掌，亦我所欲也。>
2、<动>希望
<例句：吾欲之南海，何如?>
3、<副>将要；将
<例句：森然欲搏人。>
4、<名>愿望
<例句：乃诈称公子扶苏、项燕，从民之欲也。>
5、<名>贪欲
<例句：暴秦之欲无厌。>
",<动>希望
18,欲正【其】心者，先诚其意,其,"2、第三人称代词。一般代人，用在动词或形容词之前，作主谓短语中的小主语。
<例句：秦王恐其破璧（《廉颇蔺相如列传》）""其破璧""作宾语）\n>
3、的""。
<例句：今肃迎操，操当以肃还付乡党，品其名位，犹不失下曹从事。>
<例句：而余亦悔其随之而不得极夫游之乐也。>
4、指示代词，表远指。作定语，可译为""那""""那个""""那些""""那里""。
<例句：则或咎其欲出者。>
<例句：今操得荆州，奄有其地。>
5、指示代词，表示""其中的""，后面多为数词。
<例句：于乱石间择其一二扣之。>
6、指示代词，表示近指，相当于“这”，“这个”，“这些”。
<例句：有蒋氏者，专其利三世矣。>
",。
19,欲正其【心】者，先诚其意,心,"1、<名>心脏
<例句：顺我，即先刺心。>
2、<名>心脏所在的胸部
<例句：此臣日夜切齿拊心也。>
3、<名>内心，古人认为心是思维的器官
<例句：读书三到，谓心到，眼到，口到。>
4、<名>想法；心意
<例句：勤而无所，必有悖心。>
5、<名>中心；中央
<例句：唯见江心秋月白。>
",<名>内心，古人认为心是思维的器官
20,欲正其心【者】，先诚其意,者,"1、助词，主要有两种用法。一种是附在别的词或短语之后，组成名词性短语。
<例句：将藏之于家，使来者读之，悲予志焉。>
<例句：用叶者取叶初长足时，用芽者自从本说，用花者取花初敷时，用实者成实时采。>
2、""者""的另一种用法是放在一个词或一组词后边，起提顿作用，先用""……者""提出在说明的事物，稍微停顿一下，然后说明或论断。
<例句：大阉之乱，缙绅而能不易其志者，四海之大，有几人欤？>
<例句：古之让天子者，是去监门之养而离臣虏之劳也。>
3、""者""有时放在时间副词之后，起语助作用，可不译。
<例句：今者项庄拔剑舞，其意常在沛公也。>
4、""者""有时放在数词后边，可译为""个""""样""之类。
<例句：此数者用兵之患也，而操皆冒行之。>
","""者""的另一种用法是放在一个词或一组词后边，起提顿作用，先用""……者""提出在说明的事物，稍微停顿一下，然后说明或论断。"
21,【欲】诚其意者，先致其知,欲,"1、<动>想要得到；需要
<例句：鱼，我所欲也，熊掌，亦我所欲也。>
2、<动>希望
<例句：吾欲之南海，何如?>
3、<副>将要；将
<例句：森然欲搏人。>
4、<名>愿望
<例句：乃诈称公子扶苏、项燕，从民之欲也。>
5、<名>贪欲
<例句：暴秦之欲无厌。>
",<动>希望
22,欲诚【其】意者，先致其知,其,"2、第三人称代词。一般代人，用在动词或形容词之前，作主谓短语中的小主语。
<例句：秦王恐其破璧（《廉颇蔺相如列传》）""其破璧""作宾语）\n>
3、的""。
<例句：今肃迎操，操当以肃还付乡党，品其名位，犹不失下曹从事。>
<例句：而余亦悔其随之而不得极夫游之乐也。>
4、指示代词，表远指。作定语，可译为""那""""那个""""那些""""那里""。
<例句：则或咎其欲出者。>
<例句：今操得荆州，奄有其地。>
5、指示代词，表示""其中的""，后面多为数词。
<例句：于乱石间择其一二扣之。>
6、指示代词，表示近指，相当于“这”，“这个”，“这些”。
<例句：有蒋氏者，专其利三世矣。>
",。
23,欲诚其意【者】，先致其知,者,"1、助词，主要有两种用法。一种是附在别的词或短语之后，组成名词性短语。
<例句：将藏之于家，使来者读之，悲予志焉。>
<例句：用叶者取叶初长足时，用芽者自从本说，用花者取花初敷时，用实者成实时采。>
2、""者""的另一种用法是放在一个词或一组词后边，起提顿作用，先用""……者""提出在说明的事物，稍微停顿一下，然后说明或论断。
<例句：大阉之乱，缙绅而能不易其志者，四海之大，有几人欤？>
<例句：古之让天子者，是去监门之养而离臣虏之劳也。>
3、""者""有时放在时间副词之后，起语助作用，可不译。
<例句：今者项庄拔剑舞，其意常在沛公也。>
4、""者""有时放在数词后边，可译为""个""""样""之类。
<例句：此数者用兵之患也，而操皆冒行之。>
","""者""的另一种用法是放在一个词或一组词后边，起提顿作用，先用""……者""提出在说明的事物，稍微停顿一下，然后说明或论断。"
24,物格而后知至，知至而后意诚，意诚【而】后心正，心正而后身修，身修而后家齐，家齐而后国治，国治而后天下平,而,"1、表示并列关系。
<例句：蟹六跪而二螯，非蛇鳝之穴无可寄托者>
<例句：剑阁峥嵘而崔嵬，一夫当关，万夫莫开>
<例句：北救赵而西却秦，此五霸之伐也>
2、表示递进关系。
<例句：君子博学而日参省乎己。>
<例句：楚怀王贪而信张仪，遂绝齐>
<例句：回视日观以西峰，或得日，或否，绛皜驳色，而皆若偻>
<例句：以其求思之深而无不在也>
3、表示承接关系。
<例句：故舍汝而旅食京师，以求斗斛之禄>
<例句：置之地，拔剑撞而破之。>
<例句：积善成德，而神明自得，圣心备焉。>
<例句：人非生而知之者，孰能无惑>
4、表示转折关系。
<例句：青，取之于蓝，而青于蓝>
<例句：有如此之势，而为秦人积威之所劫>
<例句：信也，吾兄之盛德而夭其嗣乎>
5、表示假设关系。
<例句：诸君而有意，瞻予马首可也。>
<例句：死而有知，其几何离>
<例句：锲而不舍，金石可镂。>
<例句：人而无信，不知其可也。>
6、表示修饰关系。
<例句：吾尝跂而望矣，不如登高之博见也>
<例句：填然鼓之，兵刃既接，弃甲曳兵而走>
<例句：项王按剑而跽曰：""客何为者？"">
7、表示因果关系。
<例句：余亦悔其随之而不得极夫游之乐也>
<例句：表恶其能而不用也>
<例句：小人不知天命而不畏也。>
8、表示目的关系。
<例句：缦立远视，而望幸焉>
<例句：籍吏民，封府库，而待将军>
<例句：吾恂恂而起。>
9、代词。第二人称，一般作定语，译为""你的""，偶尔也作主语，译为""你""。
<例句：而翁长铨，迁我京职，则汝朝夕侍母。>
10、相当于“以”，表范围。
<例句：形而上者谓之道，形而下者谓之器>
11、表反问语气，相当于“岂”。
<例句：为仁由己，而由人乎哉>
12、动词。同“如”，好像，如同。
<例句：溺死者千有余人军惊而坏都舍。>
13、复音虚词""而已""。放在句末，表示限止的语气助词，相当于""罢了""。
<例句：一人、一桌、一椅、一扇、一抚尺而已。>
<例句：闻道有先后，术业有专攻，如是而已。>
",表示承接关系。
25,物格而后知至，知至而后意诚，意诚而后【心】正，心正而后身修，身修而后家齐，家齐而后国治，国治而后天下平,心,"1、<名>心脏
<例句：顺我，即先刺心。>
2、<名>心脏所在的胸部
<例句：此臣日夜切齿拊心也。>
3、<名>内心，古人认为心是思维的器官
<例句：读书三到，谓心到，眼到，口到。>
4、<名>想法；心意
<例句：勤而无所，必有悖心。>
5、<名>中心；中央
<例句：唯见江心秋月白。>
",<名>内心，古人认为心是思维的器官
26,物格而后知至，知至而后意诚，意诚而后心正，【心】正而后身修，身修而后家齐，家齐而后国治，国治而后天下平,心,"1、<名>心脏
<例句：顺我，即先刺心。>
2、<名>心脏所在的胸部
<例句：此臣日夜切齿拊心也。>
3、<名>内心，古人认为心是思维的器官
<例句：读书三到，谓心到，眼到，口到。>
4、<名>想法；心意
<例句：勤而无所，必有悖心。>
5、<名>中心；中央
<例句：唯见江心秋月白。>
",<名>内心，古人认为心是思维的器官
27,物格而后知至，知至而后意诚，意诚而后心正，心正而后身修，身修而后家齐，家齐而后国【治】，国治而后天下平,治,"1、<动>治理
<例句：民不足而可治者，自下及今未之尝闻。>
2、<动>惩处
<例句：不效则治臣之罪。>
3、<动>医治
<例句：君有疾在腠理，不治将恐深。>
4、<动>建造
<例句：为治斋宫河上。>
5、<动>整理；备办
<例句：于是约车治装，载券契而行。>
6、<动>训练
<例句：史公治兵，往来桐城。>
7、<动>对付；抵御
<例句：同心一意，共治曹操。>
8、<动>处理
<例句：单于使卫律治其事。>
9、<动>讲求；研究
<例句：此惟救死而恐不赡，奚暇治礼义哉。>
10、<名>地方政府所在地
<例句：州治德化县，即唐之浔阳县。>
11、<形>治理得好；太平
<例句：明于治乱，娴于辞令。>
",<动>治理
28,物格而后知至，知至而后意诚，意诚而后心正，心正而后身修，身修而后家齐，家齐而后国治，国【治】而后天下平,治,"1、<动>治理
<例句：民不足而可治者，自下及今未之尝闻。>
2、<动>惩处
<例句：不效则治臣之罪。>
3、<动>医治
<例句：君有疾在腠理，不治将恐深。>
4、<动>建造
<例句：为治斋宫河上。>
5、<动>整理；备办
<例句：于是约车治装，载券契而行。>
6、<动>训练
<例句：史公治兵，往来桐城。>
7、<动>对付；抵御
<例句：同心一意，共治曹操。>
8、<动>处理
<例句：单于使卫律治其事。>
9、<动>讲求；研究
<例句：此惟救死而恐不赡，奚暇治礼义哉。>
10、<名>地方政府所在地
<例句：州治德化县，即唐之浔阳县。>
11、<形>治理得好；太平
<例句：明于治乱，娴于辞令。>
",<动>治理
29,物格而后知至，知至而后意诚，意诚而后心正，心正而后身修，身修而后家齐，家齐而后国治，国治而后天下【平】,平,"1、<形>平坦
<例句：土地平旷，屋舍俨然。>
2、<形>公平；公正
<例句：宜付有司论其刑赏，以昭陛下平明之理。>
3、<形>太平；安定
<例句：时天下承平日久，自王侯以下莫不逾侈。>
4、<形>平常；普通；一般
<例句：如使平民皆习於兵，彼知有所敌，则固已破其奸谋而折其骄气。>
5、<动>削平；铲平
<例句：而山不加增，何苦而不平？>
6、<动>平定；平息
<例句：今操芟夷大难，略已平矣。>
7、<动>和解；讲和
<例句：宋及楚平。>
8、<动>跟别的事物的高度或水平相等
<例句：从上观之适与地平。>
9、<形>平静；宁静
<例句：取下招承，偿俺残生，苦恨才平。>
",<形>太平；安定
30,自天子以至于庶人，一是皆【以】修身为本,以,"1、……身份""等。
<例句：以故法为其国与此同。>
<例句：愿以十五城请易璧。>
<例句：乃入见。问：""何以战？"">
<例句：余船以次俱进。>
<例句：是时以大中丞抚吴者为魏之私人……>
2、起提宾作用，""把""。
<例句：秦亦不以城予赵，赵亦终不予秦璧。>
3、表示动作、行为产生的原因，可译为""因""""由于""。
<例句：且以一璧之故逆强秦之欢，不可。>
<例句：时操军兼以饥疫，死者大半。>
4、引进动作、行为发生的时间和处所，用法同""于""。可译为""在""""从""。
<例句：余以乾隆三十九年十二月，自京师乘风雪，……至于泰安。>
<例句：今以长沙豫章往，水道多绝，难行。>
5、表示动作、行为的对象，用法同""与""，可译为""和""""跟""，有时可译为""率领""。
<例句：天下有变，王割汉中以楚和。>
<例句：（公子）欲以客往赴秦军，与赵俱死。>
6、，可译为''而""""又""""而且""""并且""等，或者省去。
<例句：夫夷以近，则游者众……>
7、表示承接关系，""以""前的动作行为，往往是后一动作行为的手段或方式。可译为""而""或省去。
<例句：余与四人拥火以入。>
8、表示目的关系，""以""后的动作行为，往往是前一动作行为的目的或结果。可译为""而""""来""""用来""""以致""等。
<例句：作《师说》以贻之。>
<例句：敛赀财以送其行。>
<例句：不宜妄自菲薄……以塞忠谏之路也。>
9、表示因果关系，常用在表原因的分句前，可译为''因为""。
<例句：诸侯以公子贤，多客，不敢加兵谋魏十余年。>
<例句：古人……以其求思之深而无不在也。>
10、复音虚词""以是""""是以""，相当于""因此""，引出事理发展或推断的结果。
<例句：以是人多以书假余，余因得遍观群书。>
<例句：余是以记之，盖叹郦元之简，而笑李渤之陋也。>
<例句：是以十九年而刀刃若新发于硎。>
","表示动作、行为的对象，用法同""与""，可译为""和""""跟""，有时可译为""率领""。"
31,其本乱而【末】治者否矣,末,"1、<名>树梢
<例句：末大必折。>
2、<名>事情、物件的端或尾
<例句：明足以察秋毫之末。>
3、<名>末尾；尽头
<例句：鲁直左手执卷末，右手指卷。>
4、<名>不重要的或非根本的
<例句：使天下各食其力，末技游食之民，转而缘南亩。>
5、<名>时间或顺序在后
<例句：吴末，甘橘成，岁得绢数千匹。>
",<名>不重要的或非根本的
32,其本乱而末治【者】否矣,者,"1、助词，主要有两种用法。一种是附在别的词或短语之后，组成名词性短语。
<例句：将藏之于家，使来者读之，悲予志焉。>
<例句：用叶者取叶初长足时，用芽者自从本说，用花者取花初敷时，用实者成实时采。>
2、""者""的另一种用法是放在一个词或一组词后边，起提顿作用，先用""……者""提出在说明的事物，稍微停顿一下，然后说明或论断。
<例句：大阉之乱，缙绅而能不易其志者，四海之大，有几人欤？>
<例句：古之让天子者，是去监门之养而离臣虏之劳也。>
3、""者""有时放在时间副词之后，起语助作用，可不译。
<例句：今者项庄拔剑舞，其意常在沛公也。>
4、""者""有时放在数词后边，可译为""个""""样""之类。
<例句：此数者用兵之患也，而操皆冒行之。>
","""者""的另一种用法是放在一个词或一组词后边，起提顿作用，先用""……者""提出在说明的事物，稍微停顿一下，然后说明或论断。"
33,其本乱而末治者否【矣】,矣,"1、用于陈述句尾。助肯定语气。有的可译为''了""，有的可不译。助已然语气，说明事情已实现，可译为""了""。助将然语气，说明事情将要实现，可译为""了""。
<例句：此为长江之险已与我共之矣。>
<例句：原庄宗之所以得天下，与其所以失之者，可以知之矣。>
<例句：庭有枇杷树，吾妻死之年所手植也，今已亭亭如盖矣。>
<例句：事急而不断，祸至无日矣！>
2、用于感叹句。助感慨、讥刺、赞颂语气，可译为""了""""啊""。
<例句：甚矣，汝之不惠！>
<例句：呜呼，烈矣！>
3、用于祈使句，助请求、劝勉、禁止语气，可译为''吧""。
<例句：愿君即以遂备员而行矣。>
<例句：公子勉之矣，老臣不能从。>
4、用于疑问句末，助疑问语气。
<例句：年几何矣？>
","用于感叹句。助感慨、讥刺、赞颂语气，可译为""了""""啊""。"
34,其所厚者薄，而【其】所薄者厚，未之有也,其,"2、第三人称代词。一般代人，用在动词或形容词之前，作主谓短语中的小主语。
<例句：秦王恐其破璧（《廉颇蔺相如列传》）""其破璧""作宾语）\n>
3、的""。
<例句：今肃迎操，操当以肃还付乡党，品其名位，犹不失下曹从事。>
<例句：而余亦悔其随之而不得极夫游之乐也。>
4、指示代词，表远指。作定语，可译为""那""""那个""""那些""""那里""。
<例句：则或咎其欲出者。>
<例句：今操得荆州，奄有其地。>
5、指示代词，表示""其中的""，后面多为数词。
<例句：于乱石间择其一二扣之。>
6、指示代词，表示近指，相当于“这”，“这个”，“这些”。
<例句：有蒋氏者，专其利三世矣。>
",。
35,其所厚者薄，而其所薄【者】厚，未之有也,者,"1、助词，主要有两种用法。一种是附在别的词或短语之后，组成名词性短语。
<例句：将藏之于家，使来者读之，悲予志焉。>
<例句：用叶者取叶初长足时，用芽者自从本说，用花者取花初敷时，用实者成实时采。>
2、""者""的另一种用法是放在一个词或一组词后边，起提顿作用，先用""……者""提出在说明的事物，稍微停顿一下，然后说明或论断。
<例句：大阉之乱，缙绅而能不易其志者，四海之大，有几人欤？>
<例句：古之让天子者，是去监门之养而离臣虏之劳也。>
3、""者""有时放在时间副词之后，起语助作用，可不译。
<例句：今者项庄拔剑舞，其意常在沛公也。>
4、""者""有时放在数词后边，可译为""个""""样""之类。
<例句：此数者用兵之患也，而操皆冒行之。>
","""者""的另一种用法是放在一个词或一组词后边，起提顿作用，先用""……者""提出在说明的事物，稍微停顿一下，然后说明或论断。"
36,其所厚者薄，而其所薄者厚，未之有【也】,也,"1、表示判断语气的。
<例句：死生，昼夜事也。>
<例句：吾师肺肝，皆铁石所铸造也。>
2、表示肯定语气的。
<例句：昔人云：""将以有为也。"">
<例句：吾上恐负朝廷，下恐愧吾师也。>
3、就是有否定词的句子，仍然是一种表否定的肯定。
<例句：众曰：""若所为诚快，然使君冤未白，犹无益也。"">
4、表示疑问语气的。
<例句：吾王庶几无疾病与，何以能鼓乐也？>
<例句：公子畏死邪？何泣也？>
5、表示感叹语气的。
<例句：吾王之好田猎，夫何使我至于此极也！>
<例句：君美甚，徐公何能及君也！>
6、用在句中，表示停顿，以舒缓语气。
<例句：当余之从师也，负箧曳屣，行深山巨谷中……>
<例句：师道之不传也久矣。>
",表示判断语气的。
37,所谓诚【其】意者，毋自欺也,其,"2、第三人称代词。一般代人，用在动词或形容词之前，作主谓短语中的小主语。
<例句：秦王恐其破璧（《廉颇蔺相如列传》）""其破璧""作宾语）\n>
3、的""。
<例句：今肃迎操，操当以肃还付乡党，品其名位，犹不失下曹从事。>
<例句：而余亦悔其随之而不得极夫游之乐也。>
4、指示代词，表远指。作定语，可译为""那""""那个""""那些""""那里""。
<例句：则或咎其欲出者。>
<例句：今操得荆州，奄有其地。>
5、指示代词，表示""其中的""，后面多为数词。
<例句：于乱石间择其一二扣之。>
6、指示代词，表示近指，相当于“这”，“这个”，“这些”。
<例句：有蒋氏者，专其利三世矣。>
",。
38,所谓诚其意者，毋自【欺】也,欺,"1、<动>欺哄；欺骗
<例句：臣以为布衣之交尚不相欺，况大国乎？>
<例句：古之人不余欺也。>
2、<动>欺负；欺凌
<例句：南村群童欺我老无力，忍能对面为盗贼。>
",<动>欺哄；欺骗
39,如恶恶臭，如【好】好色，此之谓自谦,好,"1、<形>容貌美
<例句：秦氏有好女，自名为罗敷。>
2、<形>好；善、佳
<例句：坏>
<例句：恶>
<例句：好雨知时节。>
<例句：正是江南好风景。>
3、<动>完毕；完成
<例句：妆好方长叹，欢余却浅颦。>
4、<副>合适；合宜
<例句：青春作伴好还家。>
5、<副>很
<例句：你这客官好不晓事。>
6、<形>病痊愈
<例句：只怕他的病一生不能好的了。>
7、<动>喜欢；喜好
<例句：余幼好此奇服兮，年既老而不衰。>
8、<名>玉器或钱币中间的孔
<例句：璧羡度尺，好三寸以为度。>
9、<形>容貌美
<例句：秦氏有好女，自名为罗敷。>
10、<形>好；善、佳
<例句：坏>
<例句：恶>
<例句：好雨知时节。>
<例句：正是江南好风景。>
11、<动>完毕；完成
<例句：妆好方长叹，欢余却浅颦。>
12、<副>合适；合宜
<例句：青春作伴好还家。>
13、<副>很
<例句：你这客官好不晓事。>
14、<形>病痊愈
<例句：只怕他的病一生不能好的了。>
15、<动>喜欢；喜好
<例句：余幼好此奇服兮，年既老而不衰。>
16、<名>玉器或钱币中间的孔
<例句：璧羡度尺，好三寸以为度。>
",<动>喜欢；喜好
40,如恶恶臭，如好好色，此【之】谓自谦,之,"1、指示代词，表近指。可译为""这""，通常作复指性定语。
<例句：均之二策。>
2、之间，可译为""的""，有的可不译。
<例句：若能以吴、越之众与中国抗衡。>
3、和补语之间，可译为""得""。
<例句：古人之观于天地、山川、草木、虫鱼、鸟兽，往往有得，以其求思之深而无不在也。>
4、 结构助词。当主谓短语在句中作主语、宾语或一个分句时，""之""用在主语和谓语之间，起取消句子独立性的作用，可不译。译时可省去。
<例句：师道之不传也久矣！欲人之无惑也难矣！>
<例句：悍吏之来吾乡，叫嚣乎东西。>
<例句：孤之有孔明，犹鱼之有水也。>
5、音节助词，用在形容词、副词或某些动词的末尾，或用在三个字之间，使之凑成四个字，只起调整音节的作用，无义，译时应省去。
<例句：顷之，烟炎张天。>
<例句：毛先生以三寸之舌，强于百万之师。>
<例句：久之，目似瞑，意暇甚>
","结构助词。当主谓短语在句中作主语、宾语或一个分句时，""之""用在主语和谓语之间，起取消句子独立性的作用，可不译。译时可省去。"
41,故君子必慎【其】独也,其,"2、第三人称代词。一般代人，用在动词或形容词之前，作主谓短语中的小主语。
<例句：秦王恐其破璧（《廉颇蔺相如列传》）""其破璧""作宾语）\n>
3、的""。
<例句：今肃迎操，操当以肃还付乡党，品其名位，犹不失下曹从事。>
<例句：而余亦悔其随之而不得极夫游之乐也。>
4、指示代词，表远指。作定语，可译为""那""""那个""""那些""""那里""。
<例句：则或咎其欲出者。>
<例句：今操得荆州，奄有其地。>
5、指示代词，表示""其中的""，后面多为数词。
<例句：于乱石间择其一二扣之。>
6、指示代词，表示近指，相当于“这”，“这个”，“这些”。
<例句：有蒋氏者，专其利三世矣。>
",。
42,小人闲居为【不】善，无所不至，见君子而后厌然，掩其不善，而著其善,不,"1、<副>不,表一般否定
2、<副>没有,表存在的否定
<例句：今日出而从日中不决何也?>
3、<副>不是,表否定判断
<例句：又何往而不金玉其外败絮其中也哉。>
4、通“否”
5、<助>在句末表询问
<例句：秦王以十五城请易寡人之璧可予不?>
6、<副>用在句中表否定
<例句：不者若属皆为所虏。>
<例句：或师焉或不焉。>
","<副>不是,表否定判断"
43,小人闲居为不善，无所不至，见君子而后厌然，掩【其】不善，而著其善,其,"2、第三人称代词。一般代人，用在动词或形容词之前，作主谓短语中的小主语。
<例句：秦王恐其破璧（《廉颇蔺相如列传》）""其破璧""作宾语）\n>
3、的""。
<例句：今肃迎操，操当以肃还付乡党，品其名位，犹不失下曹从事。>
<例句：而余亦悔其随之而不得极夫游之乐也。>
4、指示代词，表远指。作定语，可译为""那""""那个""""那些""""那里""。
<例句：则或咎其欲出者。>
<例句：今操得荆州，奄有其地。>
5、指示代词，表示""其中的""，后面多为数词。
<例句：于乱石间择其一二扣之。>
6、指示代词，表示近指，相当于“这”，“这个”，“这些”。
<例句：有蒋氏者，专其利三世矣。>
","的""。"
44,小人闲居为不善，无所不至，见君子而后厌然，掩其不善，而著【其】善,其,"2、第三人称代词。一般代人，用在动词或形容词之前，作主谓短语中的小主语。
<例句：秦王恐其破璧（《廉颇蔺相如列传》）""其破璧""作宾语）\n>
3、的""。
<例句：今肃迎操，操当以肃还付乡党，品其名位，犹不失下曹从事。>
<例句：而余亦悔其随之而不得极夫游之乐也。>
4、指示代词，表远指。作定语，可译为""那""""那个""""那些""""那里""。
<例句：则或咎其欲出者。>
<例句：今操得荆州，奄有其地。>
5、指示代词，表示""其中的""，后面多为数词。
<例句：于乱石间择其一二扣之。>
6、指示代词，表示近指，相当于“这”，“这个”，“这些”。
<例句：有蒋氏者，专其利三世矣。>
","的""。"
45,人【之】视己，如见其肺肝然，则何益矣,之,"1、指示代词，表近指。可译为""这""，通常作复指性定语。
<例句：均之二策。>
2、之间，可译为""的""，有的可不译。
<例句：若能以吴、越之众与中国抗衡。>
3、和补语之间，可译为""得""。
<例句：古人之观于天地、山川、草木、虫鱼、鸟兽，往往有得，以其求思之深而无不在也。>
4、 结构助词。当主谓短语在句中作主语、宾语或一个分句时，""之""用在主语和谓语之间，起取消句子独立性的作用，可不译。译时可省去。
<例句：师道之不传也久矣！欲人之无惑也难矣！>
<例句：悍吏之来吾乡，叫嚣乎东西。>
<例句：孤之有孔明，犹鱼之有水也。>
5、音节助词，用在形容词、副词或某些动词的末尾，或用在三个字之间，使之凑成四个字，只起调整音节的作用，无义，译时应省去。
<例句：顷之，烟炎张天。>
<例句：毛先生以三寸之舌，强于百万之师。>
<例句：久之，目似瞑，意暇甚>
","结构助词。当主谓短语在句中作主语、宾语或一个分句时，""之""用在主语和谓语之间，起取消句子独立性的作用，可不译。译时可省去。"
46,人之视【己】，如见其肺肝然，则何益矣,己,"1、<代>自己
<例句：知彼知己，百战不殆。>
2、<名>天干的第六位
<例句：晋师己亥过河也。>
",<代>自己
47,人之视己，如【见】其肺肝然，则何益矣,见,"1、<动>看；看到
<例句：见牛未见羊也。>
2、<动>遇见；碰见
<例句：儿童相见不相识。>
3、<动>见面；会面
<例句：移船相近邀相见。>
4、<动>拜见；谒见
<例句：于是入朝见威王。>
5、<动>召见；接见
<例句：秦王坐章台见相如。>
6、<动>知道；懂得
<例句：乃翁见事可怜迟。>
7、<动>听见；听到
<例句：总不许见哭声。>
8、<名>见解；见识
<例句：敢陈愚见。>
9、<副>用在动词前，表被动，译为“被”
<例句：信而见疑，忠而被谤。>
10、<副>在动词前，表示说话人自己，可译为“我”
<例句：君既若见录，不久望君来。>
11、<动>同“现”，出现；显现
<例句：锥之处囊中，其未立见。>
12、<动使动>使……拜见
<例句：止子路宿，杀鸡为黍而食之，见其二子焉。>
13、<动>看；看到
<例句：见牛未见羊也。>
14、<动>遇见；碰见
<例句：儿童相见不相识。>
15、<动>见面；会面
<例句：移船相近邀相见。>
16、<动>拜见；谒见
<例句：于是入朝见威王。>
17、<动>召见；接见
<例句：秦王坐章台见相如。>
18、<动>知道；懂得
<例句：乃翁见事可怜迟。>
19、<动>听见；听到
<例句：总不许见哭声。>
20、<名>见解；见识
<例句：敢陈愚见。>
21、<副>用在动词前，表被动，译为“被”
<例句：信而见疑，忠而被谤。>
22、<副>在动词前，表示说话人自己，可译为“我”
<例句：君既若见录，不久望君来。>
23、<动>同“现”，出现；显现
<例句：锥之处囊中，其未立见。>
24、<动使动>使……拜见
<例句：止子路宿，杀鸡为黍而食之，见其二子焉。>
",<动>看；看到
48,此谓诚于中，形于外，故君子必慎【其】独也,其,"2、第三人称代词。一般代人，用在动词或形容词之前，作主谓短语中的小主语。
<例句：秦王恐其破璧（《廉颇蔺相如列传》）""其破璧""作宾语）\n>
3、的""。
<例句：今肃迎操，操当以肃还付乡党，品其名位，犹不失下曹从事。>
<例句：而余亦悔其随之而不得极夫游之乐也。>
4、指示代词，表远指。作定语，可译为""那""""那个""""那些""""那里""。
<例句：则或咎其欲出者。>
<例句：今操得荆州，奄有其地。>
5、指示代词，表示""其中的""，后面多为数词。
<例句：于乱石间择其一二扣之。>
6、指示代词，表示近指，相当于“这”，“这个”，“这些”。
<例句：有蒋氏者，专其利三世矣。>
",。
49,曾子曰：“【十】目所视，十手所指，其严乎！”富润屋，德润身，心广体胖，故君子必诚其意,十,"1、<数>十
2、<数>泛指数目大
<例句：金樽清酒斗十千。>
3、<数>十倍
<例句：十则围之，五则攻之。>
4、<数>十分之……
<例句：而戍死者固十六七。>
",<数>泛指数目大
50,曾子曰：“十目所视，【十】手所指，其严乎！”富润屋，德润身，心广体胖，故君子必诚其意,十,"1、<数>十
2、<数>泛指数目大
<例句：金樽清酒斗十千。>
3、<数>十倍
<例句：十则围之，五则攻之。>
4、<数>十分之……
<例句：而戍死者固十六七。>
",<数>泛指数目大
51,曾子曰：“十目所视，十手所指，【其】严乎！”富润屋，德润身，心广体胖，故君子必诚其意,其,"2、第三人称代词。一般代人，用在动词或形容词之前，作主谓短语中的小主语。
<例句：秦王恐其破璧（《廉颇蔺相如列传》）""其破璧""作宾语）\n>
3、的""。
<例句：今肃迎操，操当以肃还付乡党，品其名位，犹不失下曹从事。>
<例句：而余亦悔其随之而不得极夫游之乐也。>
4、指示代词，表远指。作定语，可译为""那""""那个""""那些""""那里""。
<例句：则或咎其欲出者。>
<例句：今操得荆州，奄有其地。>
5、指示代词，表示""其中的""，后面多为数词。
<例句：于乱石间择其一二扣之。>
6、指示代词，表示近指，相当于“这”，“这个”，“这些”。
<例句：有蒋氏者，专其利三世矣。>
",。
52,曾子曰：“十目所视，十手所指，其严乎！”【富】润屋，德润身，心广体胖，故君子必诚其意,富,"1、<形>财产多；富裕；富足
<例句：独是成氏子以蠹贫，以促织富。>
<例句：可以为富安天下，而直为此廪廪也。>
2、<形>多；丰富
<例句：家富良马，其子好骑，堕而折其髀。>
<例句：有张氏藏书甚富。>
3、<名>财富；财产
<例句：其富半公室，其家半三军。>
<例句：富子弟多赖，凶岁子弟多暴。>
",<名>财富；财产
53,曾子曰：“十目所视，十手所指，其严乎！”富润屋，德润身，心广体胖，故君子必诚【其】意,其,"2、第三人称代词。一般代人，用在动词或形容词之前，作主谓短语中的小主语。
<例句：秦王恐其破璧（《廉颇蔺相如列传》）""其破璧""作宾语）\n>
3、的""。
<例句：今肃迎操，操当以肃还付乡党，品其名位，犹不失下曹从事。>
<例句：而余亦悔其随之而不得极夫游之乐也。>
4、指示代词，表远指。作定语，可译为""那""""那个""""那些""""那里""。
<例句：则或咎其欲出者。>
<例句：今操得荆州，奄有其地。>
5、指示代词，表示""其中的""，后面多为数词。
<例句：于乱石间择其一二扣之。>
6、指示代词，表示近指，相当于“这”，“这个”，“这些”。
<例句：有蒋氏者，专其利三世矣。>
",。
54,《【诗】》云：“瞻彼淇澳，菉竹猗猗,诗,"1、<名>一种文学体裁；诗歌
<例句：时人伤之，为诗云尔。>
2、<名>指《诗经》
<例句：诗云：‘他人有心，予忖度之。’>
",<名>一种文学体裁；诗歌
55,《诗》云：“【瞻】彼淇澳，菉竹猗猗,瞻,"1、zhān<动>往上或往前看
<例句：不狩不猎，胡瞻尔庭有县貆兮。>
",zhān<动>往上或往前看
56,瑟【兮】僴兮，赫兮喧兮,兮,"1、xī<助>表示停顿或舒缓语气，相当于“啊”、“呀”
<例句：与天地兮比寿，与日月兮齐光。>
",xī<助>表示停顿或舒缓语气，相当于“啊”、“呀”
57,瑟兮僴【兮】，赫兮喧兮,兮,"1、xī<助>表示停顿或舒缓语气，相当于“啊”、“呀”
<例句：与天地兮比寿，与日月兮齐光。>
",xī<助>表示停顿或舒缓语气，相当于“啊”、“呀”
58,瑟兮僴兮，赫【兮】喧兮,兮,"1、xī<助>表示停顿或舒缓语气，相当于“啊”、“呀”
<例句：与天地兮比寿，与日月兮齐光。>
",xī<助>表示停顿或舒缓语气，相当于“啊”、“呀”
59,瑟兮僴兮，赫兮喧【兮】,兮,"1、xī<助>表示停顿或舒缓语气，相当于“啊”、“呀”
<例句：与天地兮比寿，与日月兮齐光。>
",xī<助>表示停顿或舒缓语气，相当于“啊”、“呀”
60,有斐君子，【终】不可諠兮！”“如切如磋”者，道学也,终,"1、<动>终了；结束
<例句：祖母无臣，无以终余年。>
2、<动>坚持到底
<例句：善始者实繁，克终者盖寡。>
3、<动>死
<例句：未果，寻病终。>
4、<副>自始至终
<例句：虽然，受地于先王，愿终守之，弗敢易。>
5、<副>终究；终归
<例句：齐人未尝赂秦，终继五国迁灭。>
6、<形>全；整
<例句：吾尝终日而思矣，不如须臾之所学也。>
",<副>终究；终归
61,有斐君子，终不可諠【兮】！”“如切如磋”者，道学也,兮,"1、xī<助>表示停顿或舒缓语气，相当于“啊”、“呀”
<例句：与天地兮比寿，与日月兮齐光。>
",xī<助>表示停顿或舒缓语气，相当于“啊”、“呀”
62,“如琢如磨”者，自修【也】,也,"1、表示判断语气的。
<例句：死生，昼夜事也。>
<例句：吾师肺肝，皆铁石所铸造也。>
2、表示肯定语气的。
<例句：昔人云：""将以有为也。"">
<例句：吾上恐负朝廷，下恐愧吾师也。>
3、就是有否定词的句子，仍然是一种表否定的肯定。
<例句：众曰：""若所为诚快，然使君冤未白，犹无益也。"">
4、表示疑问语气的。
<例句：吾王庶几无疾病与，何以能鼓乐也？>
<例句：公子畏死邪？何泣也？>
5、表示感叹语气的。
<例句：吾王之好田猎，夫何使我至于此极也！>
<例句：君美甚，徐公何能及君也！>
6、用在句中，表示停顿，以舒缓语气。
<例句：当余之从师也，负箧曳屣，行深山巨谷中……>
<例句：师道之不传也久矣。>
",表示判断语气的。
63,“瑟【兮】僴兮”者，恂慄也,兮,"1、xī<助>表示停顿或舒缓语气，相当于“啊”、“呀”
<例句：与天地兮比寿，与日月兮齐光。>
",xī<助>表示停顿或舒缓语气，相当于“啊”、“呀”
64,“瑟兮僴【兮】”者，恂慄也,兮,"1、xī<助>表示停顿或舒缓语气，相当于“啊”、“呀”
<例句：与天地兮比寿，与日月兮齐光。>
",xī<助>表示停顿或舒缓语气，相当于“啊”、“呀”
65,“瑟兮僴兮”【者】，恂慄也,者,"1、助词，主要有两种用法。一种是附在别的词或短语之后，组成名词性短语。
<例句：将藏之于家，使来者读之，悲予志焉。>
<例句：用叶者取叶初长足时，用芽者自从本说，用花者取花初敷时，用实者成实时采。>
2、""者""的另一种用法是放在一个词或一组词后边，起提顿作用，先用""……者""提出在说明的事物，稍微停顿一下，然后说明或论断。
<例句：大阉之乱，缙绅而能不易其志者，四海之大，有几人欤？>
<例句：古之让天子者，是去监门之养而离臣虏之劳也。>
3、""者""有时放在时间副词之后，起语助作用，可不译。
<例句：今者项庄拔剑舞，其意常在沛公也。>
4、""者""有时放在数词后边，可译为""个""""样""之类。
<例句：此数者用兵之患也，而操皆冒行之。>
","""者""的另一种用法是放在一个词或一组词后边，起提顿作用，先用""……者""提出在说明的事物，稍微停顿一下，然后说明或论断。"
66,“瑟兮僴兮”者，恂慄【也】,也,"1、表示判断语气的。
<例句：死生，昼夜事也。>
<例句：吾师肺肝，皆铁石所铸造也。>
2、表示肯定语气的。
<例句：昔人云：""将以有为也。"">
<例句：吾上恐负朝廷，下恐愧吾师也。>
3、就是有否定词的句子，仍然是一种表否定的肯定。
<例句：众曰：""若所为诚快，然使君冤未白，犹无益也。"">
4、表示疑问语气的。
<例句：吾王庶几无疾病与，何以能鼓乐也？>
<例句：公子畏死邪？何泣也？>
5、表示感叹语气的。
<例句：吾王之好田猎，夫何使我至于此极也！>
<例句：君美甚，徐公何能及君也！>
6、用在句中，表示停顿，以舒缓语气。
<例句：当余之从师也，负箧曳屣，行深山巨谷中……>
<例句：师道之不传也久矣。>
",表示判断语气的。
67,“赫【兮】喧兮”者，威仪也,兮,"1、xī<助>表示停顿或舒缓语气，相当于“啊”、“呀”
<例句：与天地兮比寿，与日月兮齐光。>
",xī<助>表示停顿或舒缓语气，相当于“啊”、“呀”
68,“赫兮喧【兮】”者，威仪也,兮,"1、xī<助>表示停顿或舒缓语气，相当于“啊”、“呀”
<例句：与天地兮比寿，与日月兮齐光。>
",xī<助>表示停顿或舒缓语气，相当于“啊”、“呀”
69,“赫兮喧兮”【者】，威仪也,者,"1、助词，主要有两种用法。一种是附在别的词或短语之后，组成名词性短语。
<例句：将藏之于家，使来者读之，悲予志焉。>
<例句：用叶者取叶初长足时，用芽者自从本说，用花者取花初敷时，用实者成实时采。>
2、""者""的另一种用法是放在一个词或一组词后边，起提顿作用，先用""……者""提出在说明的事物，稍微停顿一下，然后说明或论断。
<例句：大阉之乱，缙绅而能不易其志者，四海之大，有几人欤？>
<例句：古之让天子者，是去监门之养而离臣虏之劳也。>
3、""者""有时放在时间副词之后，起语助作用，可不译。
<例句：今者项庄拔剑舞，其意常在沛公也。>
4、""者""有时放在数词后边，可译为""个""""样""之类。
<例句：此数者用兵之患也，而操皆冒行之。>
","""者""的另一种用法是放在一个词或一组词后边，起提顿作用，先用""……者""提出在说明的事物，稍微停顿一下，然后说明或论断。"
70,“【有】斐君子，终不可諠兮”者，道盛德至善，民之不能忘也,有,"1、<动>与“无”相对
<例句：有朋自远方来，不亦乐乎。>
2、<动>占有
<例句：沛公欲王关中，使子婴为相，珍宝尽有之。>
3、<动>掌握
<例句：有道之士，贵以近知远。>
4、<形>富有
<例句：礼生于有而废于无。>
5、<名>收获；出产的东西
<例句：退而甘食其土之有。>
6、<连>或者
<例句：故君子有不战，战则必胜。>
7、<助>用在动词前，以助语气
<例句：干将发硎，有作其芒。>
8、<副>通“又”，表示进一层
<例句：虽有槁暴，不复挺者，輮使之然也。>
9、<连>通“又”，用于整数与零数之间
<例句：臣密今年四十有四。>
10、<动>与“无”相对
<例句：有朋自远方来，不亦乐乎。>
11、<动>占有
<例句：沛公欲王关中，使子婴为相，珍宝尽有之。>
12、<动>掌握
<例句：有道之士，贵以近知远。>
13、<形>富有
<例句：礼生于有而废于无。>
14、<名>收获；出产的东西
<例句：退而甘食其土之有。>
15、<连>或者
<例句：故君子有不战，战则必胜。>
16、<助>用在动词前，以助语气
<例句：干将发硎，有作其芒。>
17、<副>通“又”，表示进一层
<例句：虽有槁暴，不复挺者，輮使之然也。>
18、<连>通“又”，用于整数与零数之间
<例句：臣密今年四十有四。>
",<动>与“无”相对
71,“有斐君子，终【不】可諠兮”者，道盛德至善，民之不能忘也,不,"1、<副>不,表一般否定
2、<副>没有,表存在的否定
<例句：今日出而从日中不决何也?>
3、<副>不是,表否定判断
<例句：又何往而不金玉其外败絮其中也哉。>
4、通“否”
5、<助>在句末表询问
<例句：秦王以十五城请易寡人之璧可予不?>
6、<副>用在句中表否定
<例句：不者若属皆为所虏。>
<例句：或师焉或不焉。>
","<副>不是,表否定判断"
72,“有斐君子，终不可諠【兮】”者，道盛德至善，民之不能忘也,兮,"1、xī<助>表示停顿或舒缓语气，相当于“啊”、“呀”
<例句：与天地兮比寿，与日月兮齐光。>
",xī<助>表示停顿或舒缓语气，相当于“啊”、“呀”
73,“有斐君子，终不可諠兮”【者】，道盛德至善，民之不能忘也,者,"1、助词，主要有两种用法。一种是附在别的词或短语之后，组成名词性短语。
<例句：将藏之于家，使来者读之，悲予志焉。>
<例句：用叶者取叶初长足时，用芽者自从本说，用花者取花初敷时，用实者成实时采。>
2、""者""的另一种用法是放在一个词或一组词后边，起提顿作用，先用""……者""提出在说明的事物，稍微停顿一下，然后说明或论断。
<例句：大阉之乱，缙绅而能不易其志者，四海之大，有几人欤？>
<例句：古之让天子者，是去监门之养而离臣虏之劳也。>
3、""者""有时放在时间副词之后，起语助作用，可不译。
<例句：今者项庄拔剑舞，其意常在沛公也。>
4、""者""有时放在数词后边，可译为""个""""样""之类。
<例句：此数者用兵之患也，而操皆冒行之。>
","""者""的另一种用法是放在一个词或一组词后边，起提顿作用，先用""……者""提出在说明的事物，稍微停顿一下，然后说明或论断。"
74,“有斐君子，终不可諠兮”者，道盛德至善，民【之】不能忘也,之,"1、指示代词，表近指。可译为""这""，通常作复指性定语。
<例句：均之二策。>
2、之间，可译为""的""，有的可不译。
<例句：若能以吴、越之众与中国抗衡。>
3、和补语之间，可译为""得""。
<例句：古人之观于天地、山川、草木、虫鱼、鸟兽，往往有得，以其求思之深而无不在也。>
4、 结构助词。当主谓短语在句中作主语、宾语或一个分句时，""之""用在主语和谓语之间，起取消句子独立性的作用，可不译。译时可省去。
<例句：师道之不传也久矣！欲人之无惑也难矣！>
<例句：悍吏之来吾乡，叫嚣乎东西。>
<例句：孤之有孔明，犹鱼之有水也。>
5、音节助词，用在形容词、副词或某些动词的末尾，或用在三个字之间，使之凑成四个字，只起调整音节的作用，无义，译时应省去。
<例句：顷之，烟炎张天。>
<例句：毛先生以三寸之舌，强于百万之师。>
<例句：久之，目似瞑，意暇甚>
","结构助词。当主谓短语在句中作主语、宾语或一个分句时，""之""用在主语和谓语之间，起取消句子独立性的作用，可不译。译时可省去。"
75,《诗》云：“【於】戏，前王不忘！”君子贤其贤而亲其亲，小人乐其乐而利其利，此以没世不忘也,於,"1、<叹>表示呼声或赞叹
<例句：於，帝念哉。>
2、同“于”
3、相依，交往
4、为，作
5、在，存在
6、<连>犹与，而
7、<助>无义
8、<叹>表示呼声或赞叹
<例句：於，帝念哉。>
9、同“于”
10、相依，交往
11、为，作
12、在，存在
13、<连>犹与，而
14、<助>无义
",<叹>表示呼声或赞叹
76,《诗》云：“於戏，前王不忘！”君子贤【其】贤而亲其亲，小人乐其乐而利其利，此以没世不忘也,其,"2、第三人称代词。一般代人，用在动词或形容词之前，作主谓短语中的小主语。
<例句：秦王恐其破璧（《廉颇蔺相如列传》）""其破璧""作宾语）\n>
3、的""。
<例句：今肃迎操，操当以肃还付乡党，品其名位，犹不失下曹从事。>
<例句：而余亦悔其随之而不得极夫游之乐也。>
4、指示代词，表远指。作定语，可译为""那""""那个""""那些""""那里""。
<例句：则或咎其欲出者。>
<例句：今操得荆州，奄有其地。>
5、指示代词，表示""其中的""，后面多为数词。
<例句：于乱石间择其一二扣之。>
6、指示代词，表示近指，相当于“这”，“这个”，“这些”。
<例句：有蒋氏者，专其利三世矣。>
",。
77,《诗》云：“於戏，前王不忘！”君子贤其贤而亲其亲，小人乐【其】乐而利其利，此以没世不忘也,其,"2、第三人称代词。一般代人，用在动词或形容词之前，作主谓短语中的小主语。
<例句：秦王恐其破璧（《廉颇蔺相如列传》）""其破璧""作宾语）\n>
3、的""。
<例句：今肃迎操，操当以肃还付乡党，品其名位，犹不失下曹从事。>
<例句：而余亦悔其随之而不得极夫游之乐也。>
4、指示代词，表远指。作定语，可译为""那""""那个""""那些""""那里""。
<例句：则或咎其欲出者。>
<例句：今操得荆州，奄有其地。>
5、指示代词，表示""其中的""，后面多为数词。
<例句：于乱石间择其一二扣之。>
6、指示代词，表示近指，相当于“这”，“这个”，“这些”。
<例句：有蒋氏者，专其利三世矣。>
",。
78,《诗》云：“於戏，前王不忘！”君子贤其贤而亲其亲，小人乐其乐而利其【利】，此以没世不忘也,利,"1、<形>锋利；锐利
<例句：钝>
<例句：金就砺则利。>
2、<名>利益；好处
<例句：害>
<例句：有蒋氏者，专其利三世矣。>
3、<动>有利；得利
<例句：良药苦口利于病。>
4、<形>顺利
<例句：操军不利，引次江北。>
5、<动>盈利；取利
<例句：不拊爱子其民，因而贾利之。>
6、<名>有利的条件、时机、形势等
<例句：三军以利用也。>
<例句：因利乘便，宰割天下。>
7、<名>胜利
<例句：兵法，百里而趋利者蹶上将。>
8、<名>物资；物产
<例句：荆州北据汉沔，利尽南海。>
",<名>利益；好处
79,”皆自明【也】,也,"1、表示判断语气的。
<例句：死生，昼夜事也。>
<例句：吾师肺肝，皆铁石所铸造也。>
2、表示肯定语气的。
<例句：昔人云：""将以有为也。"">
<例句：吾上恐负朝廷，下恐愧吾师也。>
3、就是有否定词的句子，仍然是一种表否定的肯定。
<例句：众曰：""若所为诚快，然使君冤未白，犹无益也。"">
4、表示疑问语气的。
<例句：吾王庶几无疾病与，何以能鼓乐也？>
<例句：公子畏死邪？何泣也？>
5、表示感叹语气的。
<例句：吾王之好田猎，夫何使我至于此极也！>
<例句：君美甚，徐公何能及君也！>
6、用在句中，表示停顿，以舒缓语气。
<例句：当余之从师也，负箧曳屣，行深山巨谷中……>
<例句：师道之不传也久矣。>
",表示判断语气的。
80,汤之《盘铭》曰：“苟日新，日日【新】，又日新,新,"1、<形>新的；与“旧”相对
<例句：新鬼烦冤旧鬼哭。>
2、<名>新出现的事物
<例句：温故而知新。>
3、<形>新鲜
<例句：客舍青青柳色新。>
4、<副>刚；才
<例句：赵太后新用事，秦急攻之。>
",<形>新的；与“旧”相对
81,汤之《盘铭》曰：“苟日新，日日新，【又】日新,又,"1、<副>再；还
<例句：子又生孙，孙又生子。>
2、<副>更
<例句：盖其又深，则其至又加少矣。>
3、<副>却
<例句：汉已幸胜之矣，又不易其所以然。>
",<副>再；还
82,”《【诗】》曰：“周虽旧邦，其命维新,诗,"1、<名>一种文学体裁；诗歌
<例句：时人伤之，为诗云尔。>
2、<名>指《诗经》
<例句：诗云：‘他人有心，予忖度之。’>
",<名>指《诗经》
83,”《诗》曰：“周虽旧邦，【其】命维新,其,"2、第三人称代词。一般代人，用在动词或形容词之前，作主谓短语中的小主语。
<例句：秦王恐其破璧（《廉颇蔺相如列传》）""其破璧""作宾语）\n>
3、的""。
<例句：今肃迎操，操当以肃还付乡党，品其名位，犹不失下曹从事。>
<例句：而余亦悔其随之而不得极夫游之乐也。>
4、指示代词，表远指。作定语，可译为""那""""那个""""那些""""那里""。
<例句：则或咎其欲出者。>
<例句：今操得荆州，奄有其地。>
5、指示代词，表示""其中的""，后面多为数词。
<例句：于乱石间择其一二扣之。>
6、指示代词，表示近指，相当于“这”，“这个”，“这些”。
<例句：有蒋氏者，专其利三世矣。>
",。
84,”是故君子无所不用【其】极,其,"2、第三人称代词。一般代人，用在动词或形容词之前，作主谓短语中的小主语。
<例句：秦王恐其破璧（《廉颇蔺相如列传》）""其破璧""作宾语）\n>
3、的""。
<例句：今肃迎操，操当以肃还付乡党，品其名位，犹不失下曹从事。>
<例句：而余亦悔其随之而不得极夫游之乐也。>
4、指示代词，表远指。作定语，可译为""那""""那个""""那些""""那里""。
<例句：则或咎其欲出者。>
<例句：今操得荆州，奄有其地。>
5、指示代词，表示""其中的""，后面多为数词。
<例句：于乱石间择其一二扣之。>
6、指示代词，表示近指，相当于“这”，“这个”，“这些”。
<例句：有蒋氏者，专其利三世矣。>
",。
85,”《【诗】》云：“缗蛮黄鸟，止于丘隅,诗,"1、<名>一种文学体裁；诗歌
<例句：时人伤之，为诗云尔。>
2、<名>指《诗经》
<例句：诗云：‘他人有心，予忖度之。’>
",<名>指《诗经》
86,”【子】曰：“于止，知其所止，可以人而不如鸟乎？”《诗》云：“穆穆文王，于缉熙敬止！”为人君，止于仁；为人臣，止于敬；为人子，止于孝；为人父，止于慈；与国人交，止于信,子,"1、<名>婴儿
<例句：干、越。夷貉之子，生而同声，长而异俗。>
2、<名>孩子
<例句：率妻子邑人来此绝境。>
3、<名>儿子或女儿
<例句：而长子迈将赴饶之德兴尉。>
4、<名>对人的尊称
<例句：您>
<例句：子何恃而往？>
5、<名>泛指人
<例句：然陈涉瓮牖绳枢之子，甿隶之人，而迁徏之徒也。>
6、<名>特称孔子
<例句：子曰：‘岁寒，然后知松柏之后凋也。’>
7、<名>地支的第一位
<例句：光绪十六年春闰二月甲子，余游巴黎蜡人馆。>
8、通“仔”
<例句：仔细>
<例句：详缓看字，子细分明读之。>
9、<名>婴儿
<例句：干、越。夷貉之子，生而同声，长而异俗。>
10、<名>孩子
<例句：率妻子邑人来此绝境。>
11、<名>儿子或女儿
<例句：而长子迈将赴饶之德兴尉。>
12、<名>对人的尊称
<例句：您>
<例句：子何恃而往？>
13、<名>泛指人
<例句：然陈涉瓮牖绳枢之子，甿隶之人，而迁徏之徒也。>
14、<名>特称孔子
<例句：子曰：‘岁寒，然后知松柏之后凋也。’>
15、<名>地支的第一位
<例句：光绪十六年春闰二月甲子，余游巴黎蜡人馆。>
16、通“仔”
<例句：仔细>
<例句：详缓看字，子细分明读之。>
17、<名>婴儿
<例句：干、越。夷貉之子，生而同声，长而异俗。>
18、<名>孩子
<例句：率妻子邑人来此绝境。>
19、<名>儿子或女儿
<例句：而长子迈将赴饶之德兴尉。>
20、<名>对人的尊称
<例句：您>
<例句：子何恃而往？>
21、<名>泛指人
<例句：然陈涉瓮牖绳枢之子，甿隶之人，而迁徏之徒也。>
22、<名>特称孔子
<例句：子曰：‘岁寒，然后知松柏之后凋也。’>
23、<名>地支的第一位
<例句：光绪十六年春闰二月甲子，余游巴黎蜡人馆。>
24、通“仔”
<例句：仔细>
<例句：详缓看字，子细分明读之。>
",<名>特称孔子
87,”子曰：“于止，知其所止，可以人而不如【鸟】乎？”《诗》云：“穆穆文王，于缉熙敬止！”为人君，止于仁；为人臣，止于敬；为人子，止于孝；为人父，止于慈；与国人交，止于信,鸟,"1、<名>飞禽的总称
<例句：鸟，长尼禽总禽也。>
<例句：好鸟相鸣，嘤嘤成韵>
2、<名>古指南方朱鸟七宿星名
<例句：日中星鸟。>
",<名>飞禽的总称
88,”子曰：“于止，知其所止，可以人而不如鸟乎？”《诗》云：“穆穆文王，【于】缉熙敬止！”为人君，止于仁；为人臣，止于敬；为人子，止于孝；为人父，止于慈；与国人交，止于信,于,"1、放在形容词之后，表示比较，一般可译为""比""。有时可译为""胜过""。
<例句：良曰：""长于臣""。>
<例句：冰，水为之，而寒于水。>
2、有时则只是表示对象的性质和状态，可不译。
<例句：非常之谋难于猝发……>
3、""受""等字和它相应。
<例句：或脱身以逃，不能容于远近……>
<例句：臣诚恐见欺于王而负赵……>
<例句：吾不能举全吴之地，十万之众，受制于人……>
4、放在句子开头，表前后的承接或因果关系，与承接连词或因果连词相同。现代汉语也这样用。
<例句：于是秦王不悦，为击缻。>
<例句：吴之民方痛心焉，于是乘其厉声以呵，则噪而相逐。>
",放在句子开头，表前后的承接或因果关系，与承接连词或因果连词相同。现代汉语也这样用。
89,”子曰：“于止，知其所止，可以人而不如鸟乎？”《诗》云：“穆穆文王，于缉熙【敬】止！”为人君，止于仁；为人臣，止于敬；为人子，止于孝；为人父，止于慈；与国人交，止于信,敬,"1、<形>严肃；慎重
<例句：君子敬而无失，与人恭而有礼。>
2、<动>严肃慎重地对待
<例句：忧懈台则思慎始而敬终。>
3、<动>尊敬；敬重
<例句：北虽貌敬，实则愤怒。>
4、<名>敬意
<例句：严大国之威以修敬也。>
5、<形>恭敬
<例句：公子使客斩其仇头，敬进如姬。>
",<动>严肃慎重地对待
90,”子曰：“于止，知其所止，可以人而不如鸟乎？”《诗》云：“穆穆文王，于缉熙敬止！”为【人】君，止于仁；为人臣，止于敬；为人子，止于孝；为人父，止于慈；与国人交，止于信,人,"1、<名>人类
<例句：夫天者，人之始也。>
2、<名>人民；众人
<例句：人之立志，顾不如蜀鄙之僧哉?>
<例句：非独贤者有是心也，人皆有之。>
3、<名>别人；他们
<例句：老吾老，以及人人之老。>
4、<名>人才；杰出的人物
<例句：子无谓秦无人，吾谋适不用也。>
5、<名>人品；人的品德操行
<例句：是其为人也，有粮者亦食，无粮者亦食。>
",<名>人民；众人
91,”子曰：“于止，知其所止，可以人而不如鸟乎？”《诗》云：“穆穆文王，于缉熙敬止！”为人君，止于仁；为【人】臣，止于敬；为人子，止于孝；为人父，止于慈；与国人交，止于信,人,"1、<名>人类
<例句：夫天者，人之始也。>
2、<名>人民；众人
<例句：人之立志，顾不如蜀鄙之僧哉?>
<例句：非独贤者有是心也，人皆有之。>
3、<名>别人；他们
<例句：老吾老，以及人人之老。>
4、<名>人才；杰出的人物
<例句：子无谓秦无人，吾谋适不用也。>
5、<名>人品；人的品德操行
<例句：是其为人也，有粮者亦食，无粮者亦食。>
",<名>人民；众人
92,”子曰：“于止，知其所止，可以人而不如鸟乎？”《诗》云：“穆穆文王，于缉熙敬止！”为人君，止于仁；为人臣，止于敬；为【人】子，止于孝；为人父，止于慈；与国人交，止于信,人,"1、<名>人类
<例句：夫天者，人之始也。>
2、<名>人民；众人
<例句：人之立志，顾不如蜀鄙之僧哉?>
<例句：非独贤者有是心也，人皆有之。>
3、<名>别人；他们
<例句：老吾老，以及人人之老。>
4、<名>人才；杰出的人物
<例句：子无谓秦无人，吾谋适不用也。>
5、<名>人品；人的品德操行
<例句：是其为人也，有粮者亦食，无粮者亦食。>
",<名>人民；众人
93,”子曰：“于止，知其所止，可以人而不如鸟乎？”《诗》云：“穆穆文王，于缉熙敬止！”为人君，止于仁；为人臣，止于敬；为人子，止于孝；为【人】父，止于慈；与国人交，止于信,人,"1、<名>人类
<例句：夫天者，人之始也。>
2、<名>人民；众人
<例句：人之立志，顾不如蜀鄙之僧哉?>
<例句：非独贤者有是心也，人皆有之。>
3、<名>别人；他们
<例句：老吾老，以及人人之老。>
4、<名>人才；杰出的人物
<例句：子无谓秦无人，吾谋适不用也。>
5、<名>人品；人的品德操行
<例句：是其为人也，有粮者亦食，无粮者亦食。>
",<名>人民；众人
94,”子曰：“于止，知其所止，可以人而不如鸟乎？”《诗》云：“穆穆文王，于缉熙敬止！”为人君，止于仁；为人臣，止于敬；为人子，止于孝；为人父，止于慈；【与】国人交，止于信,与,"1、作连词。相当于""和""、""跟""、""同""。
<例句：蜩与学鸠笑之。>
2、助感叹语气，可译为""啊""。
<例句：其可怪也欤！>
3、""孰与""连用，用来比较两个人的高下、优劣或两件事的得失、好坏。又可分为两类。一类是句中提出比较的内容，可译为""与……相比，谁……""。
<例句：吾孰与徐公美？>
4、一类是句中没有提出比较的内容，可译为""与……比较起来怎么样。""
<例句：公之视廉将军孰与奉之？>
","作连词。相当于""和""、""跟""、""同""。"
95,【子】曰：“听讼，吾犹人也,子,"1、<名>婴儿
<例句：干、越。夷貉之子，生而同声，长而异俗。>
2、<名>孩子
<例句：率妻子邑人来此绝境。>
3、<名>儿子或女儿
<例句：而长子迈将赴饶之德兴尉。>
4、<名>对人的尊称
<例句：您>
<例句：子何恃而往？>
5、<名>泛指人
<例句：然陈涉瓮牖绳枢之子，甿隶之人，而迁徏之徒也。>
6、<名>特称孔子
<例句：子曰：‘岁寒，然后知松柏之后凋也。’>
7、<名>地支的第一位
<例句：光绪十六年春闰二月甲子，余游巴黎蜡人馆。>
8、通“仔”
<例句：仔细>
<例句：详缓看字，子细分明读之。>
9、<名>婴儿
<例句：干、越。夷貉之子，生而同声，长而异俗。>
10、<名>孩子
<例句：率妻子邑人来此绝境。>
11、<名>儿子或女儿
<例句：而长子迈将赴饶之德兴尉。>
12、<名>对人的尊称
<例句：您>
<例句：子何恃而往？>
13、<名>泛指人
<例句：然陈涉瓮牖绳枢之子，甿隶之人，而迁徏之徒也。>
14、<名>特称孔子
<例句：子曰：‘岁寒，然后知松柏之后凋也。’>
15、<名>地支的第一位
<例句：光绪十六年春闰二月甲子，余游巴黎蜡人馆。>
16、通“仔”
<例句：仔细>
<例句：详缓看字，子细分明读之。>
17、<名>婴儿
<例句：干、越。夷貉之子，生而同声，长而异俗。>
18、<名>孩子
<例句：率妻子邑人来此绝境。>
19、<名>儿子或女儿
<例句：而长子迈将赴饶之德兴尉。>
20、<名>对人的尊称
<例句：您>
<例句：子何恃而往？>
21、<名>泛指人
<例句：然陈涉瓮牖绳枢之子，甿隶之人，而迁徏之徒也。>
22、<名>特称孔子
<例句：子曰：‘岁寒，然后知松柏之后凋也。’>
23、<名>地支的第一位
<例句：光绪十六年春闰二月甲子，余游巴黎蜡人馆。>
24、通“仔”
<例句：仔细>
<例句：详缓看字，子细分明读之。>
",<名>特称孔子
96,必也使无讼乎！”无情者不得尽【其】辞,其,"2、第三人称代词。一般代人，用在动词或形容词之前，作主谓短语中的小主语。
<例句：秦王恐其破璧（《廉颇蔺相如列传》）""其破璧""作宾语）\n>
3、的""。
<例句：今肃迎操，操当以肃还付乡党，品其名位，犹不失下曹从事。>
<例句：而余亦悔其随之而不得极夫游之乐也。>
4、指示代词，表远指。作定语，可译为""那""""那个""""那些""""那里""。
<例句：则或咎其欲出者。>
<例句：今操得荆州，奄有其地。>
5、指示代词，表示""其中的""，后面多为数词。
<例句：于乱石间择其一二扣之。>
6、指示代词，表示近指，相当于“这”，“这个”，“这些”。
<例句：有蒋氏者，专其利三世矣。>
",。
97,【所】谓修身在正其心者，身有所忿懥，则不得其正，有所恐惧，则不得其正，有所好乐，则不得其正，有所忧患，则不得其正,所,"1、经常放在动词前，同动词结合，组成""所""字结构。""所""字结构是名词性短语，表示""所……的人""、""所……的事物""、""所……的情况""等。
<例句：于众人广坐之中，不宜有所过，今公子故过之。>
<例句：故余虽愚，卒获有所闻。>
<例句：余在患难中，间以诗记所遭。>
2、""所""和动词结合，后面再有名词性结构，则所字结构起定语的作用。
<例句：夜则以兵围所寓舍。>
<例句：臣所过屠者朱亥，此子贤者，世莫能知，故隐屠闻耳。>
3、在有些句子中，""为""和""所""呼应，组成""为……所……""的格式，表示被动。
<例句：贾家庄几为巡徼所陵迫死。>
<例句：嬴闻如姬父为人所杀。>
4、表示原因的。
<例句：亲贤臣，远小人，此先汉所以兴隆也；亲小人，远贤臣，此后汉所以倾颓也。>
<例句：吾所以为此者，以先国家之急而后私仇也。>
<例句：臣所以去亲戚而事君者，徒慕君之高义也。>
<例句：所以遣将守关者，备他盗之出入与非常也。>
5、表示手段或凭借的。
<例句：吾所以待侯生者备矣，……>
<例句：师者，所以传道受业解惑也。>
6、【所谓】所说的。
<例句：此所谓战胜于朝廷。>
<例句：非吾所谓传其道解其惑者也。>
7、到处。
<例句：石之铿然有声音者，所在皆是也。>
8、所在之处，处所。
<例句：原来有这等一个所在，且回衙去>
<例句：急趋之，折过墙隅，迷其所在。>
",【所谓】所说的。
98,所谓修身在正【其】心者，身有所忿懥，则不得其正，有所恐惧，则不得其正，有所好乐，则不得其正，有所忧患，则不得其正,其,"2、第三人称代词。一般代人，用在动词或形容词之前，作主谓短语中的小主语。
<例句：秦王恐其破璧（《廉颇蔺相如列传》）""其破璧""作宾语）\n>
3、的""。
<例句：今肃迎操，操当以肃还付乡党，品其名位，犹不失下曹从事。>
<例句：而余亦悔其随之而不得极夫游之乐也。>
4、指示代词，表远指。作定语，可译为""那""""那个""""那些""""那里""。
<例句：则或咎其欲出者。>
<例句：今操得荆州，奄有其地。>
5、指示代词，表示""其中的""，后面多为数词。
<例句：于乱石间择其一二扣之。>
6、指示代词，表示近指，相当于“这”，“这个”，“这些”。
<例句：有蒋氏者，专其利三世矣。>
",。
99,所谓修身在正其心者，身有所忿懥，则不得【其】正，有所恐惧，则不得其正，有所好乐，则不得其正，有所忧患，则不得其正,其,"2、第三人称代词。一般代人，用在动词或形容词之前，作主谓短语中的小主语。
<例句：秦王恐其破璧（《廉颇蔺相如列传》）""其破璧""作宾语）\n>
3、的""。
<例句：今肃迎操，操当以肃还付乡党，品其名位，犹不失下曹从事。>
<例句：而余亦悔其随之而不得极夫游之乐也。>
4、指示代词，表远指。作定语，可译为""那""""那个""""那些""""那里""。
<例句：则或咎其欲出者。>
<例句：今操得荆州，奄有其地。>
5、指示代词，表示""其中的""，后面多为数词。
<例句：于乱石间择其一二扣之。>
6、指示代词，表示近指，相当于“这”，“这个”，“这些”。
<例句：有蒋氏者，专其利三世矣。>
",第三人称代词。一般代人，用在动词或形容词之前，作主谓短语中的小主语。
100,所谓修身在正其心者，身有所忿懥，则不得其正，【有】所恐惧，则不得其正，有所好乐，则不得其正，有所忧患，则不得其正,有,"1、<动>与“无”相对
<例句：有朋自远方来，不亦乐乎。>
2、<动>占有
<例句：沛公欲王关中，使子婴为相，珍宝尽有之。>
3、<动>掌握
<例句：有道之士，贵以近知远。>
4、<形>富有
<例句：礼生于有而废于无。>
5、<名>收获；出产的东西
<例句：退而甘食其土之有。>
6、<连>或者
<例句：故君子有不战，战则必胜。>
7、<助>用在动词前，以助语气
<例句：干将发硎，有作其芒。>
8、<副>通“又”，表示进一层
<例句：虽有槁暴，不复挺者，輮使之然也。>
9、<连>通“又”，用于整数与零数之间
<例句：臣密今年四十有四。>
10、<动>与“无”相对
<例句：有朋自远方来，不亦乐乎。>
11、<动>占有
<例句：沛公欲王关中，使子婴为相，珍宝尽有之。>
12、<动>掌握
<例句：有道之士，贵以近知远。>
13、<形>富有
<例句：礼生于有而废于无。>
14、<名>收获；出产的东西
<例句：退而甘食其土之有。>
15、<连>或者
<例句：故君子有不战，战则必胜。>
16、<助>用在动词前，以助语气
<例句：干将发硎，有作其芒。>
17、<副>通“又”，表示进一层
<例句：虽有槁暴，不复挺者，輮使之然也。>
18、<连>通“又”，用于整数与零数之间
<例句：臣密今年四十有四。>
",<动>与“无”相对
101,所谓修身在正其心者，身有所忿懥，则不得其正，有所恐惧，【则】不得其正，有所好乐，则不得其正，有所忧患，则不得其正,则,"1、表示承接关系。一般用来连接两个分句或紧缩复句中的前后两层意思，表示两件事情在时间上、事理上的紧密联系。可译为""就""""便""，或译为""原来是""""已经是""。
<例句：项王曰：""壮士！--赐之卮酒。""则与斗卮酒。>
<例句：故木受绳则直，金就砺则利。>
<例句：徐而察之，则山下皆石穴罅。>
<例句：子灿寐而醒，客则鼾睡炕上矣。>
2、表示假设关系。有的用在前一分句，引出假设的情况，相当于""假使""""如果""；有的用于后面的分句，表示假设或推断的结果，相当于""那么""""就""。
<例句：向吾不为斯役，则久已病矣。>
3、。可译为""就"",或不译。
<例句：位卑则足羞，官盛则近谀。>
<例句：入则孝，出则悌。>
4、表示转折、让步关系。表示意思有转折时，""则""字用在后一分句，可译为""可是""""却""；表示姑且承认一件事，预备下句转入正意时，""则""字用在前一分句。可译为""虽然""""倒是""。
<例句：于其身也，则耻师焉，惑矣。>
<例句：其室则迩，其人甚远。>
5、副词。用在判断句中，起强调和确认作用，可译作""是""""就是""。
<例句：此则岳阳楼之大观也。>
<例句：非死则徙尔。>
","表示承接关系。一般用来连接两个分句或紧缩复句中的前后两层意思，表示两件事情在时间上、事理上的紧密联系。可译为""就""""便""，或译为""原来是""""已经是""。"
102,所谓修身在正其心者，身有所忿懥，则不得其正，有所恐惧，则不得【其】正，有所好乐，则不得其正，有所忧患，则不得其正,其,"2、第三人称代词。一般代人，用在动词或形容词之前，作主谓短语中的小主语。
<例句：秦王恐其破璧（《廉颇蔺相如列传》）""其破璧""作宾语）\n>
3、的""。
<例句：今肃迎操，操当以肃还付乡党，品其名位，犹不失下曹从事。>
<例句：而余亦悔其随之而不得极夫游之乐也。>
4、指示代词，表远指。作定语，可译为""那""""那个""""那些""""那里""。
<例句：则或咎其欲出者。>
<例句：今操得荆州，奄有其地。>
5、指示代词，表示""其中的""，后面多为数词。
<例句：于乱石间择其一二扣之。>
6、指示代词，表示近指，相当于“这”，“这个”，“这些”。
<例句：有蒋氏者，专其利三世矣。>
",第三人称代词。一般代人，用在动词或形容词之前，作主谓短语中的小主语。
103,所谓修身在正其心者，身有所忿懥，则不得其正，有所恐惧，则不得其正，【有】所好乐，则不得其正，有所忧患，则不得其正,有,"1、<动>与“无”相对
<例句：有朋自远方来，不亦乐乎。>
2、<动>占有
<例句：沛公欲王关中，使子婴为相，珍宝尽有之。>
3、<动>掌握
<例句：有道之士，贵以近知远。>
4、<形>富有
<例句：礼生于有而废于无。>
5、<名>收获；出产的东西
<例句：退而甘食其土之有。>
6、<连>或者
<例句：故君子有不战，战则必胜。>
7、<助>用在动词前，以助语气
<例句：干将发硎，有作其芒。>
8、<副>通“又”，表示进一层
<例句：虽有槁暴，不复挺者，輮使之然也。>
9、<连>通“又”，用于整数与零数之间
<例句：臣密今年四十有四。>
10、<动>与“无”相对
<例句：有朋自远方来，不亦乐乎。>
11、<动>占有
<例句：沛公欲王关中，使子婴为相，珍宝尽有之。>
12、<动>掌握
<例句：有道之士，贵以近知远。>
13、<形>富有
<例句：礼生于有而废于无。>
14、<名>收获；出产的东西
<例句：退而甘食其土之有。>
15、<连>或者
<例句：故君子有不战，战则必胜。>
16、<助>用在动词前，以助语气
<例句：干将发硎，有作其芒。>
17、<副>通“又”，表示进一层
<例句：虽有槁暴，不复挺者，輮使之然也。>
18、<连>通“又”，用于整数与零数之间
<例句：臣密今年四十有四。>
",<动>与“无”相对
104,所谓修身在正其心者，身有所忿懥，则不得其正，有所恐惧，则不得其正，有所好乐，【则】不得其正，有所忧患，则不得其正,则,"1、表示承接关系。一般用来连接两个分句或紧缩复句中的前后两层意思，表示两件事情在时间上、事理上的紧密联系。可译为""就""""便""，或译为""原来是""""已经是""。
<例句：项王曰：""壮士！--赐之卮酒。""则与斗卮酒。>
<例句：故木受绳则直，金就砺则利。>
<例句：徐而察之，则山下皆石穴罅。>
<例句：子灿寐而醒，客则鼾睡炕上矣。>
2、表示假设关系。有的用在前一分句，引出假设的情况，相当于""假使""""如果""；有的用于后面的分句，表示假设或推断的结果，相当于""那么""""就""。
<例句：向吾不为斯役，则久已病矣。>
3、。可译为""就"",或不译。
<例句：位卑则足羞，官盛则近谀。>
<例句：入则孝，出则悌。>
4、表示转折、让步关系。表示意思有转折时，""则""字用在后一分句，可译为""可是""""却""；表示姑且承认一件事，预备下句转入正意时，""则""字用在前一分句。可译为""虽然""""倒是""。
<例句：于其身也，则耻师焉，惑矣。>
<例句：其室则迩，其人甚远。>
5、副词。用在判断句中，起强调和确认作用，可译作""是""""就是""。
<例句：此则岳阳楼之大观也。>
<例句：非死则徙尔。>
","表示承接关系。一般用来连接两个分句或紧缩复句中的前后两层意思，表示两件事情在时间上、事理上的紧密联系。可译为""就""""便""，或译为""原来是""""已经是""。"
105,所谓修身在正其心者，身有所忿懥，则不得其正，有所恐惧，则不得其正，有所好乐，则不得【其】正，有所忧患，则不得其正,其,"2、第三人称代词。一般代人，用在动词或形容词之前，作主谓短语中的小主语。
<例句：秦王恐其破璧（《廉颇蔺相如列传》）""其破璧""作宾语）\n>
3、的""。
<例句：今肃迎操，操当以肃还付乡党，品其名位，犹不失下曹从事。>
<例句：而余亦悔其随之而不得极夫游之乐也。>
4、指示代词，表远指。作定语，可译为""那""""那个""""那些""""那里""。
<例句：则或咎其欲出者。>
<例句：今操得荆州，奄有其地。>
5、指示代词，表示""其中的""，后面多为数词。
<例句：于乱石间择其一二扣之。>
6、指示代词，表示近指，相当于“这”，“这个”，“这些”。
<例句：有蒋氏者，专其利三世矣。>
",。
106,所谓修身在正其心者，身有所忿懥，则不得其正，有所恐惧，则不得其正，有所好乐，则不得其正，【有】所忧患，则不得其正,有,"1、<动>与“无”相对
<例句：有朋自远方来，不亦乐乎。>
2、<动>占有
<例句：沛公欲王关中，使子婴为相，珍宝尽有之。>
3、<动>掌握
<例句：有道之士，贵以近知远。>
4、<形>富有
<例句：礼生于有而废于无。>
5、<名>收获；出产的东西
<例句：退而甘食其土之有。>
6、<连>或者
<例句：故君子有不战，战则必胜。>
7、<助>用在动词前，以助语气
<例句：干将发硎，有作其芒。>
8、<副>通“又”，表示进一层
<例句：虽有槁暴，不复挺者，輮使之然也。>
9、<连>通“又”，用于整数与零数之间
<例句：臣密今年四十有四。>
10、<动>与“无”相对
<例句：有朋自远方来，不亦乐乎。>
11、<动>占有
<例句：沛公欲王关中，使子婴为相，珍宝尽有之。>
12、<动>掌握
<例句：有道之士，贵以近知远。>
13、<形>富有
<例句：礼生于有而废于无。>
14、<名>收获；出产的东西
<例句：退而甘食其土之有。>
15、<连>或者
<例句：故君子有不战，战则必胜。>
16、<助>用在动词前，以助语气
<例句：干将发硎，有作其芒。>
17、<副>通“又”，表示进一层
<例句：虽有槁暴，不复挺者，輮使之然也。>
18、<连>通“又”，用于整数与零数之间
<例句：臣密今年四十有四。>
",<动>与“无”相对
107,所谓修身在正其心者，身有所忿懥，则不得其正，有所恐惧，则不得其正，有所好乐，则不得其正，有所忧患，则不得【其】正,其,"2、第三人称代词。一般代人，用在动词或形容词之前，作主谓短语中的小主语。
<例句：秦王恐其破璧（《廉颇蔺相如列传》）""其破璧""作宾语）\n>
3、的""。
<例句：今肃迎操，操当以肃还付乡党，品其名位，犹不失下曹从事。>
<例句：而余亦悔其随之而不得极夫游之乐也。>
4、指示代词，表远指。作定语，可译为""那""""那个""""那些""""那里""。
<例句：则或咎其欲出者。>
<例句：今操得荆州，奄有其地。>
5、指示代词，表示""其中的""，后面多为数词。
<例句：于乱石间择其一二扣之。>
6、指示代词，表示近指，相当于“这”，“这个”，“这些”。
<例句：有蒋氏者，专其利三世矣。>
",。
108,【心】不在焉，视而不见，听而不闻，食而不知其味,心,"1、<名>心脏
<例句：顺我，即先刺心。>
2、<名>心脏所在的胸部
<例句：此臣日夜切齿拊心也。>
3、<名>内心，古人认为心是思维的器官
<例句：读书三到，谓心到，眼到，口到。>
4、<名>想法；心意
<例句：勤而无所，必有悖心。>
5、<名>中心；中央
<例句：唯见江心秋月白。>
",<名>内心，古人认为心是思维的器官
109,心不【在】焉，视而不见，听而不闻，食而不知其味,在,"1、<动>存在
<例句：强秦之所以不敢加兵于赵者，徒以吾两人在也。>
2、<动>居于；处于
<例句：君之病在肠胃。>
<例句：以相如功大，拜为上卿，位在廉颇之右。>
3、<动>在于；取决于
<例句：驽马十驾，功在不会舍。>
4、<介>在
<例句：横柯上蔽，在昼犹昏。>
<例句：要留青白在人间。>
",<动>居于；处于
110,心不在焉，【视】而不见，听而不闻，食而不知其味,视,"1、<动>看
<例句：其故人素轻买臣者入内视之。>
2、<动>察看；视察
<例句：乡先辈左忠毅公视学京畿。>
3、<动>治理；处理（公务）
<例句：视事三年，上书乞骸骨。>
4、<动>看待；对待
<例句：子孙视之不甚惜。>
5、<动>看顾；照看
<例句：重念蒙君实视遇厚，于反复不宜卤莽。>
6、<名>视力；目光
<例句：怵然为戒，视为止，行为迟。>
7、<动>比较；比照
<例句：其辱行贱行，视五人之死，轻重固何如哉。>
",<动>看
111,心不在焉，视而不见，听而不闻，食而不知其【味】,味,"1、<名>滋味；味道
<例句：耳能辩声，口能辩味。>
<例句：食不两味。>
2、<动>辨别味道
<例句：非口不能味也。>
<例句：虚心味道玄。>
",<名>滋味；味道
112,此谓修身在正【其】心,其,"2、第三人称代词。一般代人，用在动词或形容词之前，作主谓短语中的小主语。
<例句：秦王恐其破璧（《廉颇蔺相如列传》）""其破璧""作宾语）\n>
3、的""。
<例句：今肃迎操，操当以肃还付乡党，品其名位，犹不失下曹从事。>
<例句：而余亦悔其随之而不得极夫游之乐也。>
4、指示代词，表远指。作定语，可译为""那""""那个""""那些""""那里""。
<例句：则或咎其欲出者。>
<例句：今操得荆州，奄有其地。>
5、指示代词，表示""其中的""，后面多为数词。
<例句：于乱石间择其一二扣之。>
6、指示代词，表示近指，相当于“这”，“这个”，“这些”。
<例句：有蒋氏者，专其利三世矣。>
","的""。"
113,【所】谓齐其家在修其身者，人之其所亲爱而辟焉，之其所贱恶而辟焉，之其所畏敬而辟焉，之其所哀矜而辟焉，之其所敖惰而辟焉,所,"1、经常放在动词前，同动词结合，组成""所""字结构。""所""字结构是名词性短语，表示""所……的人""、""所……的事物""、""所……的情况""等。
<例句：于众人广坐之中，不宜有所过，今公子故过之。>
<例句：故余虽愚，卒获有所闻。>
<例句：余在患难中，间以诗记所遭。>
2、""所""和动词结合，后面再有名词性结构，则所字结构起定语的作用。
<例句：夜则以兵围所寓舍。>
<例句：臣所过屠者朱亥，此子贤者，世莫能知，故隐屠闻耳。>
3、在有些句子中，""为""和""所""呼应，组成""为……所……""的格式，表示被动。
<例句：贾家庄几为巡徼所陵迫死。>
<例句：嬴闻如姬父为人所杀。>
4、表示原因的。
<例句：亲贤臣，远小人，此先汉所以兴隆也；亲小人，远贤臣，此后汉所以倾颓也。>
<例句：吾所以为此者，以先国家之急而后私仇也。>
<例句：臣所以去亲戚而事君者，徒慕君之高义也。>
<例句：所以遣将守关者，备他盗之出入与非常也。>
5、表示手段或凭借的。
<例句：吾所以待侯生者备矣，……>
<例句：师者，所以传道受业解惑也。>
6、【所谓】所说的。
<例句：此所谓战胜于朝廷。>
<例句：非吾所谓传其道解其惑者也。>
7、到处。
<例句：石之铿然有声音者，所在皆是也。>
8、所在之处，处所。
<例句：原来有这等一个所在，且回衙去>
<例句：急趋之，折过墙隅，迷其所在。>
",【所谓】所说的。
114,所【谓】齐其家在修其身者，人之其所亲爱而辟焉，之其所贱恶而辟焉，之其所畏敬而辟焉，之其所哀矜而辟焉，之其所敖惰而辟焉,谓,"1、<动>告诉；对……说
<例句：请往谓项王，言沛公不敢项王也。>
2、<动>说
<例句：因得观所谓石钟山者。>
3、<动>叫做；称为
<例句：褒禅山亦谓之华山。>
4、<动>以为；认为
<例句：愚谓大计不如迎之。>
5、<动>是；说的是
<例句：太守谓谁？>
",<动>以为；认为
115,所谓齐其家【在】修其身者，人之其所亲爱而辟焉，之其所贱恶而辟焉，之其所畏敬而辟焉，之其所哀矜而辟焉，之其所敖惰而辟焉,在,"1、<动>存在
<例句：强秦之所以不敢加兵于赵者，徒以吾两人在也。>
2、<动>居于；处于
<例句：君之病在肠胃。>
<例句：以相如功大，拜为上卿，位在廉颇之右。>
3、<动>在于；取决于
<例句：驽马十驾，功在不会舍。>
4、<介>在
<例句：横柯上蔽，在昼犹昏。>
<例句：要留青白在人间。>
",<动>在于；取决于
116,所谓齐其家在【修】其身者，人之其所亲爱而辟焉，之其所贱恶而辟焉，之其所畏敬而辟焉，之其所哀矜而辟焉，之其所敖惰而辟焉,修,"1、<动>修饰
<例句：参为人矜严，好修容仪。>
2、<动>撰写；修改；润色
<例句：幕下儒生设意修词，援古证今，极力为之。>
3、<动>修理；修造；修建
<例句：修守战之具。>
4、<动>整治；治理
<例句：外结好孙权，内修政理。>
5、<动>修养；修行
<例句：臣修身洁行数十年。>
6、<动>效法；学习
<例句：一善易修也，一艺易能也。>
7、<形>长；高
<例句：此地有崇山峻岭，茂林修竹。>
8、<形>善；美好
<例句：老冉冉其将至，恐修名之不立。>
",<动>修养；修行
117,所谓齐其家在修【其】身者，人之其所亲爱而辟焉，之其所贱恶而辟焉，之其所畏敬而辟焉，之其所哀矜而辟焉，之其所敖惰而辟焉,其,"2、第三人称代词。一般代人，用在动词或形容词之前，作主谓短语中的小主语。
<例句：秦王恐其破璧（《廉颇蔺相如列传》）""其破璧""作宾语）\n>
3、的""。
<例句：今肃迎操，操当以肃还付乡党，品其名位，犹不失下曹从事。>
<例句：而余亦悔其随之而不得极夫游之乐也。>
4、指示代词，表远指。作定语，可译为""那""""那个""""那些""""那里""。
<例句：则或咎其欲出者。>
<例句：今操得荆州，奄有其地。>
5、指示代词，表示""其中的""，后面多为数词。
<例句：于乱石间择其一二扣之。>
6、指示代词，表示近指，相当于“这”，“这个”，“这些”。
<例句：有蒋氏者，专其利三世矣。>
",。
118,所谓齐其家在修其身【者】，人之其所亲爱而辟焉，之其所贱恶而辟焉，之其所畏敬而辟焉，之其所哀矜而辟焉，之其所敖惰而辟焉,者,"1、助词，主要有两种用法。一种是附在别的词或短语之后，组成名词性短语。
<例句：将藏之于家，使来者读之，悲予志焉。>
<例句：用叶者取叶初长足时，用芽者自从本说，用花者取花初敷时，用实者成实时采。>
2、""者""的另一种用法是放在一个词或一组词后边，起提顿作用，先用""……者""提出在说明的事物，稍微停顿一下，然后说明或论断。
<例句：大阉之乱，缙绅而能不易其志者，四海之大，有几人欤？>
<例句：古之让天子者，是去监门之养而离臣虏之劳也。>
3、""者""有时放在时间副词之后，起语助作用，可不译。
<例句：今者项庄拔剑舞，其意常在沛公也。>
4、""者""有时放在数词后边，可译为""个""""样""之类。
<例句：此数者用兵之患也，而操皆冒行之。>
","""者""的另一种用法是放在一个词或一组词后边，起提顿作用，先用""……者""提出在说明的事物，稍微停顿一下，然后说明或论断。"
119,所谓齐其家在修其身者，【人】之其所亲爱而辟焉，之其所贱恶而辟焉，之其所畏敬而辟焉，之其所哀矜而辟焉，之其所敖惰而辟焉,人,"1、<名>人类
<例句：夫天者，人之始也。>
2、<名>人民；众人
<例句：人之立志，顾不如蜀鄙之僧哉?>
<例句：非独贤者有是心也，人皆有之。>
3、<名>别人；他们
<例句：老吾老，以及人人之老。>
4、<名>人才；杰出的人物
<例句：子无谓秦无人，吾谋适不用也。>
5、<名>人品；人的品德操行
<例句：是其为人也，有粮者亦食，无粮者亦食。>
",<名>人民；众人
120,所谓齐其家在修其身者，人之其所亲爱而【辟】焉，之其所贱恶而辟焉，之其所畏敬而辟焉，之其所哀矜而辟焉，之其所敖惰而辟焉,辟,"1、<名>刑法;法律
<例句：制参辟铸刑书。>
2、<名>君主
<例句：荡荡上帝下民之辟。>
3、<动>征召
<例句：举孝廉不行连辟公府不就。>
4、<动>通“避”
<例句：其北陵文王之所辟风雨也。>
5、<动>开;打开
<例句：巫从旁望空代祝唇吻翕辟不知何词。>
6、<动>开辟;开垦;开设
<例句：欲辟土地朝秦楚。>
<例句：隙地未尽辟闭廛未尽居也。>
<例句：辟病梅之馆以贮之。>
7、<动>排斥;驳斥
<例句：辟邪说难任人不为拒谏。>
8、<形>偏僻;僻远
<例句：何买田宅必居穷辟处。>
9、<动>比喻,打比方
<例句：有为者辟若掘井掘井九仞而不及泉犹为弃井也。>
10、<名>刑法;法律
<例句：制参辟铸刑书。>
11、<名>君主
<例句：荡荡上帝下民之辟。>
12、<动>征召
<例句：举孝廉不行连辟公府不就。>
13、<动>通“避”
<例句：其北陵文王之所辟风雨也。>
14、<动>开;打开
<例句：巫从旁望空代祝唇吻翕辟不知何词。>
15、<动>开辟;开垦;开设
<例句：欲辟土地朝秦楚。>
<例句：隙地未尽辟闭廛未尽居也。>
<例句：辟病梅之馆以贮之。>
16、<动>排斥;驳斥
<例句：辟邪说难任人不为拒谏。>
17、<形>偏僻;僻远
<例句：何买田宅必居穷辟处。>
18、<动>比喻,打比方
<例句：有为者辟若掘井掘井九仞而不及泉犹为弃井也。>
19、<名>刑法;法律
<例句：制参辟铸刑书。>
20、<名>君主
<例句：荡荡上帝下民之辟。>
21、<动>征召
<例句：举孝廉不行连辟公府不就。>
22、<动>通“避”
<例句：其北陵文王之所辟风雨也。>
23、<动>开;打开
<例句：巫从旁望空代祝唇吻翕辟不知何词。>
24、<动>开辟;开垦;开设
<例句：欲辟土地朝秦楚。>
<例句：隙地未尽辟闭廛未尽居也。>
<例句：辟病梅之馆以贮之。>
25、<动>排斥;驳斥
<例句：辟邪说难任人不为拒谏。>
26、<形>偏僻;僻远
<例句：何买田宅必居穷辟处。>
27、<动>比喻,打比方
<例句：有为者辟若掘井掘井九仞而不及泉犹为弃井也。>
",<名>刑法;法律
121,所谓齐其家在修其身者，人之其所亲爱而辟焉，之【其】所贱恶而辟焉，之其所畏敬而辟焉，之其所哀矜而辟焉，之其所敖惰而辟焉,其,"2、第三人称代词。一般代人，用在动词或形容词之前，作主谓短语中的小主语。
<例句：秦王恐其破璧（《廉颇蔺相如列传》）""其破璧""作宾语）\n>
3、的""。
<例句：今肃迎操，操当以肃还付乡党，品其名位，犹不失下曹从事。>
<例句：而余亦悔其随之而不得极夫游之乐也。>
4、指示代词，表远指。作定语，可译为""那""""那个""""那些""""那里""。
<例句：则或咎其欲出者。>
<例句：今操得荆州，奄有其地。>
5、指示代词，表示""其中的""，后面多为数词。
<例句：于乱石间择其一二扣之。>
6、指示代词，表示近指，相当于“这”，“这个”，“这些”。
<例句：有蒋氏者，专其利三世矣。>
",。
122,所谓齐其家在修其身者，人之其所亲爱而辟焉，之其所贱恶而【辟】焉，之其所畏敬而辟焉，之其所哀矜而辟焉，之其所敖惰而辟焉,辟,"1、<名>刑法;法律
<例句：制参辟铸刑书。>
2、<名>君主
<例句：荡荡上帝下民之辟。>
3、<动>征召
<例句：举孝廉不行连辟公府不就。>
4、<动>通“避”
<例句：其北陵文王之所辟风雨也。>
5、<动>开;打开
<例句：巫从旁望空代祝唇吻翕辟不知何词。>
6、<动>开辟;开垦;开设
<例句：欲辟土地朝秦楚。>
<例句：隙地未尽辟闭廛未尽居也。>
<例句：辟病梅之馆以贮之。>
7、<动>排斥;驳斥
<例句：辟邪说难任人不为拒谏。>
8、<形>偏僻;僻远
<例句：何买田宅必居穷辟处。>
9、<动>比喻,打比方
<例句：有为者辟若掘井掘井九仞而不及泉犹为弃井也。>
10、<名>刑法;法律
<例句：制参辟铸刑书。>
11、<名>君主
<例句：荡荡上帝下民之辟。>
12、<动>征召
<例句：举孝廉不行连辟公府不就。>
13、<动>通“避”
<例句：其北陵文王之所辟风雨也。>
14、<动>开;打开
<例句：巫从旁望空代祝唇吻翕辟不知何词。>
15、<动>开辟;开垦;开设
<例句：欲辟土地朝秦楚。>
<例句：隙地未尽辟闭廛未尽居也。>
<例句：辟病梅之馆以贮之。>
16、<动>排斥;驳斥
<例句：辟邪说难任人不为拒谏。>
17、<形>偏僻;僻远
<例句：何买田宅必居穷辟处。>
18、<动>比喻,打比方
<例句：有为者辟若掘井掘井九仞而不及泉犹为弃井也。>
19、<名>刑法;法律
<例句：制参辟铸刑书。>
20、<名>君主
<例句：荡荡上帝下民之辟。>
21、<动>征召
<例句：举孝廉不行连辟公府不就。>
22、<动>通“避”
<例句：其北陵文王之所辟风雨也。>
23、<动>开;打开
<例句：巫从旁望空代祝唇吻翕辟不知何词。>
24、<动>开辟;开垦;开设
<例句：欲辟土地朝秦楚。>
<例句：隙地未尽辟闭廛未尽居也。>
<例句：辟病梅之馆以贮之。>
25、<动>排斥;驳斥
<例句：辟邪说难任人不为拒谏。>
26、<形>偏僻;僻远
<例句：何买田宅必居穷辟处。>
27、<动>比喻,打比方
<例句：有为者辟若掘井掘井九仞而不及泉犹为弃井也。>
",<名>刑法;法律
123,所谓齐其家在修其身者，人之其所亲爱而辟焉，之其所贱恶而辟焉，之【其】所畏敬而辟焉，之其所哀矜而辟焉，之其所敖惰而辟焉,其,"2、第三人称代词。一般代人，用在动词或形容词之前，作主谓短语中的小主语。
<例句：秦王恐其破璧（《廉颇蔺相如列传》）""其破璧""作宾语）\n>
3、的""。
<例句：今肃迎操，操当以肃还付乡党，品其名位，犹不失下曹从事。>
<例句：而余亦悔其随之而不得极夫游之乐也。>
4、指示代词，表远指。作定语，可译为""那""""那个""""那些""""那里""。
<例句：则或咎其欲出者。>
<例句：今操得荆州，奄有其地。>
5、指示代词，表示""其中的""，后面多为数词。
<例句：于乱石间择其一二扣之。>
6、指示代词，表示近指，相当于“这”，“这个”，“这些”。
<例句：有蒋氏者，专其利三世矣。>
",。
124,所谓齐其家在修其身者，人之其所亲爱而辟焉，之其所贱恶而辟焉，之其所畏敬【而】辟焉，之其所哀矜而辟焉，之其所敖惰而辟焉,而,"1、表示并列关系。
<例句：蟹六跪而二螯，非蛇鳝之穴无可寄托者>
<例句：剑阁峥嵘而崔嵬，一夫当关，万夫莫开>
<例句：北救赵而西却秦，此五霸之伐也>
2、表示递进关系。
<例句：君子博学而日参省乎己。>
<例句：楚怀王贪而信张仪，遂绝齐>
<例句：回视日观以西峰，或得日，或否，绛皜驳色，而皆若偻>
<例句：以其求思之深而无不在也>
3、表示承接关系。
<例句：故舍汝而旅食京师，以求斗斛之禄>
<例句：置之地，拔剑撞而破之。>
<例句：积善成德，而神明自得，圣心备焉。>
<例句：人非生而知之者，孰能无惑>
4、表示转折关系。
<例句：青，取之于蓝，而青于蓝>
<例句：有如此之势，而为秦人积威之所劫>
<例句：信也，吾兄之盛德而夭其嗣乎>
5、表示假设关系。
<例句：诸君而有意，瞻予马首可也。>
<例句：死而有知，其几何离>
<例句：锲而不舍，金石可镂。>
<例句：人而无信，不知其可也。>
6、表示修饰关系。
<例句：吾尝跂而望矣，不如登高之博见也>
<例句：填然鼓之，兵刃既接，弃甲曳兵而走>
<例句：项王按剑而跽曰：""客何为者？"">
7、表示因果关系。
<例句：余亦悔其随之而不得极夫游之乐也>
<例句：表恶其能而不用也>
<例句：小人不知天命而不畏也。>
8、表示目的关系。
<例句：缦立远视，而望幸焉>
<例句：籍吏民，封府库，而待将军>
<例句：吾恂恂而起。>
9、代词。第二人称，一般作定语，译为""你的""，偶尔也作主语，译为""你""。
<例句：而翁长铨，迁我京职，则汝朝夕侍母。>
10、相当于“以”，表范围。
<例句：形而上者谓之道，形而下者谓之器>
11、表反问语气，相当于“岂”。
<例句：为仁由己，而由人乎哉>
12、动词。同“如”，好像，如同。
<例句：溺死者千有余人军惊而坏都舍。>
13、复音虚词""而已""。放在句末，表示限止的语气助词，相当于""罢了""。
<例句：一人、一桌、一椅、一扇、一抚尺而已。>
<例句：闻道有先后，术业有专攻，如是而已。>
",表示因果关系。
125,所谓齐其家在修其身者，人之其所亲爱而辟焉，之其所贱恶而辟焉，之其所畏敬而【辟】焉，之其所哀矜而辟焉，之其所敖惰而辟焉,辟,"1、<名>刑法;法律
<例句：制参辟铸刑书。>
2、<名>君主
<例句：荡荡上帝下民之辟。>
3、<动>征召
<例句：举孝廉不行连辟公府不就。>
4、<动>通“避”
<例句：其北陵文王之所辟风雨也。>
5、<动>开;打开
<例句：巫从旁望空代祝唇吻翕辟不知何词。>
6、<动>开辟;开垦;开设
<例句：欲辟土地朝秦楚。>
<例句：隙地未尽辟闭廛未尽居也。>
<例句：辟病梅之馆以贮之。>
7、<动>排斥;驳斥
<例句：辟邪说难任人不为拒谏。>
8、<形>偏僻;僻远
<例句：何买田宅必居穷辟处。>
9、<动>比喻,打比方
<例句：有为者辟若掘井掘井九仞而不及泉犹为弃井也。>
10、<名>刑法;法律
<例句：制参辟铸刑书。>
11、<名>君主
<例句：荡荡上帝下民之辟。>
12、<动>征召
<例句：举孝廉不行连辟公府不就。>
13、<动>通“避”
<例句：其北陵文王之所辟风雨也。>
14、<动>开;打开
<例句：巫从旁望空代祝唇吻翕辟不知何词。>
15、<动>开辟;开垦;开设
<例句：欲辟土地朝秦楚。>
<例句：隙地未尽辟闭廛未尽居也。>
<例句：辟病梅之馆以贮之。>
16、<动>排斥;驳斥
<例句：辟邪说难任人不为拒谏。>
17、<形>偏僻;僻远
<例句：何买田宅必居穷辟处。>
18、<动>比喻,打比方
<例句：有为者辟若掘井掘井九仞而不及泉犹为弃井也。>
19、<名>刑法;法律
<例句：制参辟铸刑书。>
20、<名>君主
<例句：荡荡上帝下民之辟。>
21、<动>征召
<例句：举孝廉不行连辟公府不就。>
22、<动>通“避”
<例句：其北陵文王之所辟风雨也。>
23、<动>开;打开
<例句：巫从旁望空代祝唇吻翕辟不知何词。>
24、<动>开辟;开垦;开设
<例句：欲辟土地朝秦楚。>
<例句：隙地未尽辟闭廛未尽居也。>
<例句：辟病梅之馆以贮之。>
25、<动>排斥;驳斥
<例句：辟邪说难任人不为拒谏。>
26、<形>偏僻;僻远
<例句：何买田宅必居穷辟处。>
27、<动>比喻,打比方
<例句：有为者辟若掘井掘井九仞而不及泉犹为弃井也。>
",<名>刑法;法律
126,所谓齐其家在修其身者，人之其所亲爱而辟焉，之其所贱恶而辟焉，之其所畏敬而辟焉，之其所哀矜而【辟】焉，之其所敖惰而辟焉,辟,"1、<名>刑法;法律
<例句：制参辟铸刑书。>
2、<名>君主
<例句：荡荡上帝下民之辟。>
3、<动>征召
<例句：举孝廉不行连辟公府不就。>
4、<动>通“避”
<例句：其北陵文王之所辟风雨也。>
5、<动>开;打开
<例句：巫从旁望空代祝唇吻翕辟不知何词。>
6、<动>开辟;开垦;开设
<例句：欲辟土地朝秦楚。>
<例句：隙地未尽辟闭廛未尽居也。>
<例句：辟病梅之馆以贮之。>
7、<动>排斥;驳斥
<例句：辟邪说难任人不为拒谏。>
8、<形>偏僻;僻远
<例句：何买田宅必居穷辟处。>
9、<动>比喻,打比方
<例句：有为者辟若掘井掘井九仞而不及泉犹为弃井也。>
10、<名>刑法;法律
<例句：制参辟铸刑书。>
11、<名>君主
<例句：荡荡上帝下民之辟。>
12、<动>征召
<例句：举孝廉不行连辟公府不就。>
13、<动>通“避”
<例句：其北陵文王之所辟风雨也。>
14、<动>开;打开
<例句：巫从旁望空代祝唇吻翕辟不知何词。>
15、<动>开辟;开垦;开设
<例句：欲辟土地朝秦楚。>
<例句：隙地未尽辟闭廛未尽居也。>
<例句：辟病梅之馆以贮之。>
16、<动>排斥;驳斥
<例句：辟邪说难任人不为拒谏。>
17、<形>偏僻;僻远
<例句：何买田宅必居穷辟处。>
18、<动>比喻,打比方
<例句：有为者辟若掘井掘井九仞而不及泉犹为弃井也。>
19、<名>刑法;法律
<例句：制参辟铸刑书。>
20、<名>君主
<例句：荡荡上帝下民之辟。>
21、<动>征召
<例句：举孝廉不行连辟公府不就。>
22、<动>通“避”
<例句：其北陵文王之所辟风雨也。>
23、<动>开;打开
<例句：巫从旁望空代祝唇吻翕辟不知何词。>
24、<动>开辟;开垦;开设
<例句：欲辟土地朝秦楚。>
<例句：隙地未尽辟闭廛未尽居也。>
<例句：辟病梅之馆以贮之。>
25、<动>排斥;驳斥
<例句：辟邪说难任人不为拒谏。>
26、<形>偏僻;僻远
<例句：何买田宅必居穷辟处。>
27、<动>比喻,打比方
<例句：有为者辟若掘井掘井九仞而不及泉犹为弃井也。>
",<名>刑法;法律
127,所谓齐其家在修其身者，人之其所亲爱而辟焉，之其所贱恶而辟焉，之其所畏敬而辟焉，之其所哀矜而辟焉，之【其】所敖惰而辟焉,其,"2、第三人称代词。一般代人，用在动词或形容词之前，作主谓短语中的小主语。
<例句：秦王恐其破璧（《廉颇蔺相如列传》）""其破璧""作宾语）\n>
3、的""。
<例句：今肃迎操，操当以肃还付乡党，品其名位，犹不失下曹从事。>
<例句：而余亦悔其随之而不得极夫游之乐也。>
4、指示代词，表远指。作定语，可译为""那""""那个""""那些""""那里""。
<例句：则或咎其欲出者。>
<例句：今操得荆州，奄有其地。>
5、指示代词，表示""其中的""，后面多为数词。
<例句：于乱石间择其一二扣之。>
6、指示代词，表示近指，相当于“这”，“这个”，“这些”。
<例句：有蒋氏者，专其利三世矣。>
",。
128,故好而知【其】恶，恶而知其美者，天下鲜矣,其,"2、第三人称代词。一般代人，用在动词或形容词之前，作主谓短语中的小主语。
<例句：秦王恐其破璧（《廉颇蔺相如列传》）""其破璧""作宾语）\n>
3、的""。
<例句：今肃迎操，操当以肃还付乡党，品其名位，犹不失下曹从事。>
<例句：而余亦悔其随之而不得极夫游之乐也。>
4、指示代词，表远指。作定语，可译为""那""""那个""""那些""""那里""。
<例句：则或咎其欲出者。>
<例句：今操得荆州，奄有其地。>
5、指示代词，表示""其中的""，后面多为数词。
<例句：于乱石间择其一二扣之。>
6、指示代词，表示近指，相当于“这”，“这个”，“这些”。
<例句：有蒋氏者，专其利三世矣。>
",。
129,故好而知其恶，恶而知【其】美者，天下鲜矣,其,"2、第三人称代词。一般代人，用在动词或形容词之前，作主谓短语中的小主语。
<例句：秦王恐其破璧（《廉颇蔺相如列传》）""其破璧""作宾语）\n>
3、的""。
<例句：今肃迎操，操当以肃还付乡党，品其名位，犹不失下曹从事。>
<例句：而余亦悔其随之而不得极夫游之乐也。>
4、指示代词，表远指。作定语，可译为""那""""那个""""那些""""那里""。
<例句：则或咎其欲出者。>
<例句：今操得荆州，奄有其地。>
5、指示代词，表示""其中的""，后面多为数词。
<例句：于乱石间择其一二扣之。>
6、指示代词，表示近指，相当于“这”，“这个”，“这些”。
<例句：有蒋氏者，专其利三世矣。>
",。
130,故好而知其恶，恶而知其美【者】，天下鲜矣,者,"1、助词，主要有两种用法。一种是附在别的词或短语之后，组成名词性短语。
<例句：将藏之于家，使来者读之，悲予志焉。>
<例句：用叶者取叶初长足时，用芽者自从本说，用花者取花初敷时，用实者成实时采。>
2、""者""的另一种用法是放在一个词或一组词后边，起提顿作用，先用""……者""提出在说明的事物，稍微停顿一下，然后说明或论断。
<例句：大阉之乱，缙绅而能不易其志者，四海之大，有几人欤？>
<例句：古之让天子者，是去监门之养而离臣虏之劳也。>
3、""者""有时放在时间副词之后，起语助作用，可不译。
<例句：今者项庄拔剑舞，其意常在沛公也。>
4、""者""有时放在数词后边，可译为""个""""样""之类。
<例句：此数者用兵之患也，而操皆冒行之。>
","""者""的另一种用法是放在一个词或一组词后边，起提顿作用，先用""……者""提出在说明的事物，稍微停顿一下，然后说明或论断。"
131,故【谚】有之曰：“人莫知其子之恶，莫知其苗之硕,谚,"1、yàn<名>谚语
<例句：谚所谓室于怒市于色者。>
<例句：野谚曰：‘前事之不忘，后事之师也。’>
",yàn<名>谚语
132,故谚有之曰：“【人】莫知其子之恶，莫知其苗之硕,人,"1、<名>人类
<例句：夫天者，人之始也。>
2、<名>人民；众人
<例句：人之立志，顾不如蜀鄙之僧哉?>
<例句：非独贤者有是心也，人皆有之。>
3、<名>别人；他们
<例句：老吾老，以及人人之老。>
4、<名>人才；杰出的人物
<例句：子无谓秦无人，吾谋适不用也。>
5、<名>人品；人的品德操行
<例句：是其为人也，有粮者亦食，无粮者亦食。>
",<名>人民；众人
133,故谚有之曰：“人莫知【其】子之恶，莫知其苗之硕,其,"2、第三人称代词。一般代人，用在动词或形容词之前，作主谓短语中的小主语。
<例句：秦王恐其破璧（《廉颇蔺相如列传》）""其破璧""作宾语）\n>
3、的""。
<例句：今肃迎操，操当以肃还付乡党，品其名位，犹不失下曹从事。>
<例句：而余亦悔其随之而不得极夫游之乐也。>
4、指示代词，表远指。作定语，可译为""那""""那个""""那些""""那里""。
<例句：则或咎其欲出者。>
<例句：今操得荆州，奄有其地。>
5、指示代词，表示""其中的""，后面多为数词。
<例句：于乱石间择其一二扣之。>
6、指示代词，表示近指，相当于“这”，“这个”，“这些”。
<例句：有蒋氏者，专其利三世矣。>
",。
134,故谚有之曰：“人莫知其子【之】恶，莫知其苗之硕,之,"1、指示代词，表近指。可译为""这""，通常作复指性定语。
<例句：均之二策。>
2、之间，可译为""的""，有的可不译。
<例句：若能以吴、越之众与中国抗衡。>
3、和补语之间，可译为""得""。
<例句：古人之观于天地、山川、草木、虫鱼、鸟兽，往往有得，以其求思之深而无不在也。>
4、 结构助词。当主谓短语在句中作主语、宾语或一个分句时，""之""用在主语和谓语之间，起取消句子独立性的作用，可不译。译时可省去。
<例句：师道之不传也久矣！欲人之无惑也难矣！>
<例句：悍吏之来吾乡，叫嚣乎东西。>
<例句：孤之有孔明，犹鱼之有水也。>
5、音节助词，用在形容词、副词或某些动词的末尾，或用在三个字之间，使之凑成四个字，只起调整音节的作用，无义，译时应省去。
<例句：顷之，烟炎张天。>
<例句：毛先生以三寸之舌，强于百万之师。>
<例句：久之，目似瞑，意暇甚>
","和补语之间，可译为""得""。"
135,故谚有之曰：“人莫知其子之恶，【莫】知其苗之硕,莫,"1、<代>没有什么；没有谁
<例句：保民而王，莫之能御也。>
2、<副>不要；别
<例句：初七及下九，嬉戏莫莫相忘。>
3、<副>没有；不
<例句：成仓猝莫知所救，顿足失色。>
<例句：盈虚者如彼，而卒莫消长也。>
<例句：暮>
<例句：至莫夜月明，独与迈乘小舟至绝壁之下。>
",<副>没有；不
136,故谚有之曰：“人莫知其子之恶，莫知【其】苗之硕,其,"2、第三人称代词。一般代人，用在动词或形容词之前，作主谓短语中的小主语。
<例句：秦王恐其破璧（《廉颇蔺相如列传》）""其破璧""作宾语）\n>
3、的""。
<例句：今肃迎操，操当以肃还付乡党，品其名位，犹不失下曹从事。>
<例句：而余亦悔其随之而不得极夫游之乐也。>
4、指示代词，表远指。作定语，可译为""那""""那个""""那些""""那里""。
<例句：则或咎其欲出者。>
<例句：今操得荆州，奄有其地。>
5、指示代词，表示""其中的""，后面多为数词。
<例句：于乱石间择其一二扣之。>
6、指示代词，表示近指，相当于“这”，“这个”，“这些”。
<例句：有蒋氏者，专其利三世矣。>
",。
137,”此谓身不修不可以齐【其】家,其,"2、第三人称代词。一般代人，用在动词或形容词之前，作主谓短语中的小主语。
<例句：秦王恐其破璧（《廉颇蔺相如列传》）""其破璧""作宾语）\n>
3、的""。
<例句：今肃迎操，操当以肃还付乡党，品其名位，犹不失下曹从事。>
<例句：而余亦悔其随之而不得极夫游之乐也。>
4、指示代词，表远指。作定语，可译为""那""""那个""""那些""""那里""。
<例句：则或咎其欲出者。>
<例句：今操得荆州，奄有其地。>
5、指示代词，表示""其中的""，后面多为数词。
<例句：于乱石间择其一二扣之。>
6、指示代词，表示近指，相当于“这”，“这个”，“这些”。
<例句：有蒋氏者，专其利三世矣。>
",。
138,【所】谓治国必先齐其家者，其家不可教而能教人者，无之,所,"1、经常放在动词前，同动词结合，组成""所""字结构。""所""字结构是名词性短语，表示""所……的人""、""所……的事物""、""所……的情况""等。
<例句：于众人广坐之中，不宜有所过，今公子故过之。>
<例句：故余虽愚，卒获有所闻。>
<例句：余在患难中，间以诗记所遭。>
2、""所""和动词结合，后面再有名词性结构，则所字结构起定语的作用。
<例句：夜则以兵围所寓舍。>
<例句：臣所过屠者朱亥，此子贤者，世莫能知，故隐屠闻耳。>
3、在有些句子中，""为""和""所""呼应，组成""为……所……""的格式，表示被动。
<例句：贾家庄几为巡徼所陵迫死。>
<例句：嬴闻如姬父为人所杀。>
4、表示原因的。
<例句：亲贤臣，远小人，此先汉所以兴隆也；亲小人，远贤臣，此后汉所以倾颓也。>
<例句：吾所以为此者，以先国家之急而后私仇也。>
<例句：臣所以去亲戚而事君者，徒慕君之高义也。>
<例句：所以遣将守关者，备他盗之出入与非常也。>
5、表示手段或凭借的。
<例句：吾所以待侯生者备矣，……>
<例句：师者，所以传道受业解惑也。>
6、【所谓】所说的。
<例句：此所谓战胜于朝廷。>
<例句：非吾所谓传其道解其惑者也。>
7、到处。
<例句：石之铿然有声音者，所在皆是也。>
8、所在之处，处所。
<例句：原来有这等一个所在，且回衙去>
<例句：急趋之，折过墙隅，迷其所在。>
",【所谓】所说的。
139,所谓治国必先齐其家【者】，其家不可教而能教人者，无之,者,"1、助词，主要有两种用法。一种是附在别的词或短语之后，组成名词性短语。
<例句：将藏之于家，使来者读之，悲予志焉。>
<例句：用叶者取叶初长足时，用芽者自从本说，用花者取花初敷时，用实者成实时采。>
2、""者""的另一种用法是放在一个词或一组词后边，起提顿作用，先用""……者""提出在说明的事物，稍微停顿一下，然后说明或论断。
<例句：大阉之乱，缙绅而能不易其志者，四海之大，有几人欤？>
<例句：古之让天子者，是去监门之养而离臣虏之劳也。>
3、""者""有时放在时间副词之后，起语助作用，可不译。
<例句：今者项庄拔剑舞，其意常在沛公也。>
4、""者""有时放在数词后边，可译为""个""""样""之类。
<例句：此数者用兵之患也，而操皆冒行之。>
","""者""的另一种用法是放在一个词或一组词后边，起提顿作用，先用""……者""提出在说明的事物，稍微停顿一下，然后说明或论断。"
140,所谓治国必先齐其家者，其家不可教而能教人【者】，无之,者,"1、助词，主要有两种用法。一种是附在别的词或短语之后，组成名词性短语。
<例句：将藏之于家，使来者读之，悲予志焉。>
<例句：用叶者取叶初长足时，用芽者自从本说，用花者取花初敷时，用实者成实时采。>
2、""者""的另一种用法是放在一个词或一组词后边，起提顿作用，先用""……者""提出在说明的事物，稍微停顿一下，然后说明或论断。
<例句：大阉之乱，缙绅而能不易其志者，四海之大，有几人欤？>
<例句：古之让天子者，是去监门之养而离臣虏之劳也。>
3、""者""有时放在时间副词之后，起语助作用，可不译。
<例句：今者项庄拔剑舞，其意常在沛公也。>
4、""者""有时放在数词后边，可译为""个""""样""之类。
<例句：此数者用兵之患也，而操皆冒行之。>
","""者""的另一种用法是放在一个词或一组词后边，起提顿作用，先用""……者""提出在说明的事物，稍微停顿一下，然后说明或论断。"
141,【故】君子不出家而成教于国,故,"1、<名>事故；变故
<例句：今也不幸至于大故。>
<例句：乡园多故，不能不动客子之愁。>
2、<名>缘故；原因
<例句：赵王岂以一璧之故欺秦邪？>
3、<形>旧；旧的；原来的
<例句：此为其故迹，岂信然邪？>
4、<副>旧时；从前
<例句：轩东故尝为厨，人往，从轩前过。>
5、<名>老朋友；旧交情
<例句：若非故人乎？>
<例句：君安与项伯有故？>
6、<形>衰退；衰老
<例句：暮去春来颜色故。>
7、<动>死亡；去世
<例句：目今其祖早故，只有个儿子。>
8、<副>故意；特意
<例句：将尉醉，广故数言欲亡，忿恚尉。>
9、<副>还是；仍然
<例句：大人故嫌迟。>
10、<副>通“固”，本来
<例句：此物故非西产。>
11、<连>所以；因此
<例句：其志洁，故其称物芳。>
",<连>所以；因此
142,故君子不出家而成【教】于国,教,"1、<名>教化；教育
<例句：是故学然后知不足，教然后知困。>
2、<动>教导；教诲
<例句：爱其子，择师而教之。>
3、<动>指示；指点
<例句：得无教我猎虫所耶？>
4、<动>教授；传授知识技能
<例句：十三教汝织，十四能裁衣。>
5、<动>使；令；让
<例句：曲罢曾教善才服，妆成每被秋娘妒。>
<例句：但使龙城飞将在，不教胡马度阴山。>
6、<名>教化；教育
<例句：是故学然后知不足，教然后知困。>
7、<动>教导；教诲
<例句：爱其子，择师而教之。>
8、<动>指示；指点
<例句：得无教我猎虫所耶？>
9、<动>教授；传授知识技能
<例句：十三教汝织，十四能裁衣。>
10、<动>使；令；让
<例句：曲罢曾教善才服，妆成每被秋娘妒。>
<例句：但使龙城飞将在，不教胡马度阴山。>
",<名>教化；教育
143,孝【者】，所以事君也；弟者，所以事长也；慈者，所以使众也,者,"1、助词，主要有两种用法。一种是附在别的词或短语之后，组成名词性短语。
<例句：将藏之于家，使来者读之，悲予志焉。>
<例句：用叶者取叶初长足时，用芽者自从本说，用花者取花初敷时，用实者成实时采。>
2、""者""的另一种用法是放在一个词或一组词后边，起提顿作用，先用""……者""提出在说明的事物，稍微停顿一下，然后说明或论断。
<例句：大阉之乱，缙绅而能不易其志者，四海之大，有几人欤？>
<例句：古之让天子者，是去监门之养而离臣虏之劳也。>
3、""者""有时放在时间副词之后，起语助作用，可不译。
<例句：今者项庄拔剑舞，其意常在沛公也。>
4、""者""有时放在数词后边，可译为""个""""样""之类。
<例句：此数者用兵之患也，而操皆冒行之。>
","""者""的另一种用法是放在一个词或一组词后边，起提顿作用，先用""……者""提出在说明的事物，稍微停顿一下，然后说明或论断。"
144,孝者，所以事君也；弟【者】，所以事长也；慈者，所以使众也,者,"1、助词，主要有两种用法。一种是附在别的词或短语之后，组成名词性短语。
<例句：将藏之于家，使来者读之，悲予志焉。>
<例句：用叶者取叶初长足时，用芽者自从本说，用花者取花初敷时，用实者成实时采。>
2、""者""的另一种用法是放在一个词或一组词后边，起提顿作用，先用""……者""提出在说明的事物，稍微停顿一下，然后说明或论断。
<例句：大阉之乱，缙绅而能不易其志者，四海之大，有几人欤？>
<例句：古之让天子者，是去监门之养而离臣虏之劳也。>
3、""者""有时放在时间副词之后，起语助作用，可不译。
<例句：今者项庄拔剑舞，其意常在沛公也。>
4、""者""有时放在数词后边，可译为""个""""样""之类。
<例句：此数者用兵之患也，而操皆冒行之。>
","""者""的另一种用法是放在一个词或一组词后边，起提顿作用，先用""……者""提出在说明的事物，稍微停顿一下，然后说明或论断。"
145,孝者，所以事君也；弟者，所以事长也；慈【者】，所以使众也,者,"1、助词，主要有两种用法。一种是附在别的词或短语之后，组成名词性短语。
<例句：将藏之于家，使来者读之，悲予志焉。>
<例句：用叶者取叶初长足时，用芽者自从本说，用花者取花初敷时，用实者成实时采。>
2、""者""的另一种用法是放在一个词或一组词后边，起提顿作用，先用""……者""提出在说明的事物，稍微停顿一下，然后说明或论断。
<例句：大阉之乱，缙绅而能不易其志者，四海之大，有几人欤？>
<例句：古之让天子者，是去监门之养而离臣虏之劳也。>
3、""者""有时放在时间副词之后，起语助作用，可不译。
<例句：今者项庄拔剑舞，其意常在沛公也。>
4、""者""有时放在数词后边，可译为""个""""样""之类。
<例句：此数者用兵之患也，而操皆冒行之。>
","""者""的另一种用法是放在一个词或一组词后边，起提顿作用，先用""……者""提出在说明的事物，稍微停顿一下，然后说明或论断。"
146,《康诰》曰：“如【保】赤子,保,"1、<动>抚养
<例句：虽慈母不能保其子君安能以有其民哉。>
2、<动>保卫;保守
<例句：若跨有荆、益保其岩阻。>
<例句：倘魏兵骤至四面围定将何策保之。>
3、:<动>保存;保全
<例句：升死其印为予群从所得至今保藏。>
4、<动>担保;保证
<例句：保为将军破之。>
5、<名>仆役;佣工
<例句：(布)穷困赁佣于齐为酒人保。>
6、<量>旧时户籍编制单位
7、<名>通“褓”
<例句：昔成王幼小越在襁保。>
",<动>抚养
147,未有【学】养子而后嫁者也,学,"1、<动>学习
<例句：学而时习之，不亦说乎。>
2、<名>学问；知识
<例句：人之为学有难易乎。>
3、<名>学校
<例句：今诸生学于太学。>
",<动>学习
148,【桀】、纣率天下以暴，而民从之,桀,"1、<名>鸡栖的木桩
<例句：鸡栖于桀。>
2、<形>凶暴
<例句：桀猾时起。>
3、<形>优秀；杰出；高出
<例句：邦之桀兮。>
<例句：比之诸岭，尚为竦桀。>
4、<名>夏朝末代君王，相传是暴君
<例句：揭>
<例句：桀石以投人。>
",<名>夏朝末代君王，相传是暴君
149,【其】所令反其所好，而民不从,其,"2、第三人称代词。一般代人，用在动词或形容词之前，作主谓短语中的小主语。
<例句：秦王恐其破璧（《廉颇蔺相如列传》）""其破璧""作宾语）\n>
3、的""。
<例句：今肃迎操，操当以肃还付乡党，品其名位，犹不失下曹从事。>
<例句：而余亦悔其随之而不得极夫游之乐也。>
4、指示代词，表远指。作定语，可译为""那""""那个""""那些""""那里""。
<例句：则或咎其欲出者。>
<例句：今操得荆州，奄有其地。>
5、指示代词，表示""其中的""，后面多为数词。
<例句：于乱石间择其一二扣之。>
6、指示代词，表示近指，相当于“这”，“这个”，“这些”。
<例句：有蒋氏者，专其利三世矣。>
",。
150,其所【令】反其所好，而民不从,令,"1、<动>命令；下令
<例句：乃令骑皆下马步行，持短兵接战。>
2、<动>使；让
<例句：每字为一印，火烧令坚。>
3、<名>法令；命令
<例句：王使屈平为令，众莫不知。>
4、<名>官名
<例句：尚书令>
<例句：太史令>
<例句：陈守令皆不在，独守丞与战谯门中。>
5、<名>时令；时节
<例句：群葩当令时，只在花开之数日。>
6、<形>好；善
<例句：何患令名不彰邪？>
7、<连>表示假设，相当于“假使”、“假若”
<例句：令五人者保其首领以老于户牖之下。>
8、<形>对别人亲属的敬称
<例句：不堪吏人妇，岂合令郎君？>
<例句：多亏令弟看的破，息下来了。>
9、<动>命令；下令
<例句：乃令骑皆下马步行，持短兵接战。>
10、<动>使；让
<例句：每字为一印，火烧令坚。>
11、<名>法令；命令
<例句：王使屈平为令，众莫不知。>
12、<名>官名
<例句：尚书令>
<例句：太史令>
<例句：陈守令皆不在，独守丞与战谯门中。>
13、<名>时令；时节
<例句：群葩当令时，只在花开之数日。>
14、<形>好；善
<例句：何患令名不彰邪？>
15、<连>表示假设，相当于“假使”、“假若”
<例句：令五人者保其首领以老于户牖之下。>
16、<形>对别人亲属的敬称
<例句：不堪吏人妇，岂合令郎君？>
<例句：多亏令弟看的破，息下来了。>
17、<动>命令；下令
<例句：乃令骑皆下马步行，持短兵接战。>
18、<动>使；让
<例句：每字为一印，火烧令坚。>
19、<名>法令；命令
<例句：王使屈平为令，众莫不知。>
20、<名>官名
<例句：尚书令>
<例句：太史令>
<例句：陈守令皆不在，独守丞与战谯门中。>
21、<名>时令；时节
<例句：群葩当令时，只在花开之数日。>
22、<形>好；善
<例句：何患令名不彰邪？>
23、<连>表示假设，相当于“假使”、“假若”
<例句：令五人者保其首领以老于户牖之下。>
24、<形>对别人亲属的敬称
<例句：不堪吏人妇，岂合令郎君？>
<例句：多亏令弟看的破，息下来了。>
",<动>命令；下令
151,其所令反【其】所好，而民不从,其,"2、第三人称代词。一般代人，用在动词或形容词之前，作主谓短语中的小主语。
<例句：秦王恐其破璧（《廉颇蔺相如列传》）""其破璧""作宾语）\n>
3、的""。
<例句：今肃迎操，操当以肃还付乡党，品其名位，犹不失下曹从事。>
<例句：而余亦悔其随之而不得极夫游之乐也。>
4、指示代词，表远指。作定语，可译为""那""""那个""""那些""""那里""。
<例句：则或咎其欲出者。>
<例句：今操得荆州，奄有其地。>
5、指示代词，表示""其中的""，后面多为数词。
<例句：于乱石间择其一二扣之。>
6、指示代词，表示近指，相当于“这”，“这个”，“这些”。
<例句：有蒋氏者，专其利三世矣。>
",。
152,其所令反其所【好】，而民不从,好,"1、<形>容貌美
<例句：秦氏有好女，自名为罗敷。>
2、<形>好；善、佳
<例句：坏>
<例句：恶>
<例句：好雨知时节。>
<例句：正是江南好风景。>
3、<动>完毕；完成
<例句：妆好方长叹，欢余却浅颦。>
4、<副>合适；合宜
<例句：青春作伴好还家。>
5、<副>很
<例句：你这客官好不晓事。>
6、<形>病痊愈
<例句：只怕他的病一生不能好的了。>
7、<动>喜欢；喜好
<例句：余幼好此奇服兮，年既老而不衰。>
8、<名>玉器或钱币中间的孔
<例句：璧羡度尺，好三寸以为度。>
9、<形>容貌美
<例句：秦氏有好女，自名为罗敷。>
10、<形>好；善、佳
<例句：坏>
<例句：恶>
<例句：好雨知时节。>
<例句：正是江南好风景。>
11、<动>完毕；完成
<例句：妆好方长叹，欢余却浅颦。>
12、<副>合适；合宜
<例句：青春作伴好还家。>
13、<副>很
<例句：你这客官好不晓事。>
14、<形>病痊愈
<例句：只怕他的病一生不能好的了。>
15、<动>喜欢；喜好
<例句：余幼好此奇服兮，年既老而不衰。>
16、<名>玉器或钱币中间的孔
<例句：璧羡度尺，好三寸以为度。>
",<动>喜欢；喜好
153,是故君子有诸【己】而后求诸人，无诸己而后非诸人,己,"1、<代>自己
<例句：知彼知己，百战不殆。>
2、<名>天干的第六位
<例句：晋师己亥过河也。>
",<代>自己
154,是故君子有诸己而后【求】诸人，无诸己而后非诸人,求,"1、<动>寻找；找寻
<例句：舟止，从其所契者入水求之。>
<例句：仲永生五年，未尝识书具，忽啼求之。>
2、<动>探求；探索
<例句：予尝求古仁人之心。或异二者之为。>
<例句：以其求思之深而无不在也。>
3、<动>要求；责求
<例句：明耻教战，求杀敌也。>
<例句：且欲与常马等不可得，安求其能千里也。>
4、<动>请求；乞求
<例句：赵氏求救于齐。>
<例句：又夹百千求救声。>
5、<动>谋求；索求
<例句：秦以城求璧而赵不许。>
6、<动>访求；访问
<例句：陵降，不敢求武。>
7、<动>追求；求偶
<例句：窈窕淑女，寤寐求之。>
",<动>要求；责求
155,是故君子有诸己而后求诸人，无诸【己】而后非诸人,己,"1、<代>自己
<例句：知彼知己，百战不殆。>
2、<名>天干的第六位
<例句：晋师己亥过河也。>
",<代>自己
156,是故君子有诸己而后求诸人，无诸己【而】后非诸人,而,"1、表示并列关系。
<例句：蟹六跪而二螯，非蛇鳝之穴无可寄托者>
<例句：剑阁峥嵘而崔嵬，一夫当关，万夫莫开>
<例句：北救赵而西却秦，此五霸之伐也>
2、表示递进关系。
<例句：君子博学而日参省乎己。>
<例句：楚怀王贪而信张仪，遂绝齐>
<例句：回视日观以西峰，或得日，或否，绛皜驳色，而皆若偻>
<例句：以其求思之深而无不在也>
3、表示承接关系。
<例句：故舍汝而旅食京师，以求斗斛之禄>
<例句：置之地，拔剑撞而破之。>
<例句：积善成德，而神明自得，圣心备焉。>
<例句：人非生而知之者，孰能无惑>
4、表示转折关系。
<例句：青，取之于蓝，而青于蓝>
<例句：有如此之势，而为秦人积威之所劫>
<例句：信也，吾兄之盛德而夭其嗣乎>
5、表示假设关系。
<例句：诸君而有意，瞻予马首可也。>
<例句：死而有知，其几何离>
<例句：锲而不舍，金石可镂。>
<例句：人而无信，不知其可也。>
6、表示修饰关系。
<例句：吾尝跂而望矣，不如登高之博见也>
<例句：填然鼓之，兵刃既接，弃甲曳兵而走>
<例句：项王按剑而跽曰：""客何为者？"">
7、表示因果关系。
<例句：余亦悔其随之而不得极夫游之乐也>
<例句：表恶其能而不用也>
<例句：小人不知天命而不畏也。>
8、表示目的关系。
<例句：缦立远视，而望幸焉>
<例句：籍吏民，封府库，而待将军>
<例句：吾恂恂而起。>
9、代词。第二人称，一般作定语，译为""你的""，偶尔也作主语，译为""你""。
<例句：而翁长铨，迁我京职，则汝朝夕侍母。>
10、相当于“以”，表范围。
<例句：形而上者谓之道，形而下者谓之器>
11、表反问语气，相当于“岂”。
<例句：为仁由己，而由人乎哉>
12、动词。同“如”，好像，如同。
<例句：溺死者千有余人军惊而坏都舍。>
13、复音虚词""而已""。放在句末，表示限止的语气助词，相当于""罢了""。
<例句：一人、一桌、一椅、一扇、一抚尺而已。>
<例句：闻道有先后，术业有专攻，如是而已。>
",表示承接关系。
157,所藏乎身不恕，而能喻诸人【者】，未之有也,者,"1、助词，主要有两种用法。一种是附在别的词或短语之后，组成名词性短语。
<例句：将藏之于家，使来者读之，悲予志焉。>
<例句：用叶者取叶初长足时，用芽者自从本说，用花者取花初敷时，用实者成实时采。>
2、""者""的另一种用法是放在一个词或一组词后边，起提顿作用，先用""……者""提出在说明的事物，稍微停顿一下，然后说明或论断。
<例句：大阉之乱，缙绅而能不易其志者，四海之大，有几人欤？>
<例句：古之让天子者，是去监门之养而离臣虏之劳也。>
3、""者""有时放在时间副词之后，起语助作用，可不译。
<例句：今者项庄拔剑舞，其意常在沛公也。>
4、""者""有时放在数词后边，可译为""个""""样""之类。
<例句：此数者用兵之患也，而操皆冒行之。>
","""者""的另一种用法是放在一个词或一组词后边，起提顿作用，先用""……者""提出在说明的事物，稍微停顿一下，然后说明或论断。"
158,【故】治国在齐其家,故,"1、<名>事故；变故
<例句：今也不幸至于大故。>
<例句：乡园多故，不能不动客子之愁。>
2、<名>缘故；原因
<例句：赵王岂以一璧之故欺秦邪？>
3、<形>旧；旧的；原来的
<例句：此为其故迹，岂信然邪？>
4、<副>旧时；从前
<例句：轩东故尝为厨，人往，从轩前过。>
5、<名>老朋友；旧交情
<例句：若非故人乎？>
<例句：君安与项伯有故？>
6、<形>衰退；衰老
<例句：暮去春来颜色故。>
7、<动>死亡；去世
<例句：目今其祖早故，只有个儿子。>
8、<副>故意；特意
<例句：将尉醉，广故数言欲亡，忿恚尉。>
9、<副>还是；仍然
<例句：大人故嫌迟。>
10、<副>通“固”，本来
<例句：此物故非西产。>
11、<连>所以；因此
<例句：其志洁，故其称物芳。>
",<连>所以；因此
159,故治国在齐【其】家,其,"2、第三人称代词。一般代人，用在动词或形容词之前，作主谓短语中的小主语。
<例句：秦王恐其破璧（《廉颇蔺相如列传》）""其破璧""作宾语）\n>
3、的""。
<例句：今肃迎操，操当以肃还付乡党，品其名位，犹不失下曹从事。>
<例句：而余亦悔其随之而不得极夫游之乐也。>
4、指示代词，表远指。作定语，可译为""那""""那个""""那些""""那里""。
<例句：则或咎其欲出者。>
<例句：今操得荆州，奄有其地。>
5、指示代词，表示""其中的""，后面多为数词。
<例句：于乱石间择其一二扣之。>
6、指示代词，表示近指，相当于“这”，“这个”，“这些”。
<例句：有蒋氏者，专其利三世矣。>
",。
160,《诗》云：“桃之夭夭，【其】叶蓁蓁,其,"2、第三人称代词。一般代人，用在动词或形容词之前，作主谓短语中的小主语。
<例句：秦王恐其破璧（《廉颇蔺相如列传》）""其破璧""作宾语）\n>
3、的""。
<例句：今肃迎操，操当以肃还付乡党，品其名位，犹不失下曹从事。>
<例句：而余亦悔其随之而不得极夫游之乐也。>
4、指示代词，表远指。作定语，可译为""那""""那个""""那些""""那里""。
<例句：则或咎其欲出者。>
<例句：今操得荆州，奄有其地。>
5、指示代词，表示""其中的""，后面多为数词。
<例句：于乱石间择其一二扣之。>
6、指示代词，表示近指，相当于“这”，“这个”，“这些”。
<例句：有蒋氏者，专其利三世矣。>
",。
161,之子于归，宜【其】家人,其,"2、第三人称代词。一般代人，用在动词或形容词之前，作主谓短语中的小主语。
<例句：秦王恐其破璧（《廉颇蔺相如列传》）""其破璧""作宾语）\n>
3、的""。
<例句：今肃迎操，操当以肃还付乡党，品其名位，犹不失下曹从事。>
<例句：而余亦悔其随之而不得极夫游之乐也。>
4、指示代词，表远指。作定语，可译为""那""""那个""""那些""""那里""。
<例句：则或咎其欲出者。>
<例句：今操得荆州，奄有其地。>
5、指示代词，表示""其中的""，后面多为数词。
<例句：于乱石间择其一二扣之。>
6、指示代词，表示近指，相当于“这”，“这个”，“这些”。
<例句：有蒋氏者，专其利三世矣。>
","的""。"
162,《【诗】》云：“其仪不忒，正是四国,诗,"1、<名>一种文学体裁；诗歌
<例句：时人伤之，为诗云尔。>
2、<名>指《诗经》
<例句：诗云：‘他人有心，予忖度之。’>
",<名>一种文学体裁；诗歌
163,《诗》云：“【其】仪不忒，正是四国,其,"2、第三人称代词。一般代人，用在动词或形容词之前，作主谓短语中的小主语。
<例句：秦王恐其破璧（《廉颇蔺相如列传》）""其破璧""作宾语）\n>
3、的""。
<例句：今肃迎操，操当以肃还付乡党，品其名位，犹不失下曹从事。>
<例句：而余亦悔其随之而不得极夫游之乐也。>
4、指示代词，表远指。作定语，可译为""那""""那个""""那些""""那里""。
<例句：则或咎其欲出者。>
<例句：今操得荆州，奄有其地。>
5、指示代词，表示""其中的""，后面多为数词。
<例句：于乱石间择其一二扣之。>
6、指示代词，表示近指，相当于“这”，“这个”，“这些”。
<例句：有蒋氏者，专其利三世矣。>
",。
164,《诗》云：“其【仪】不忒，正是四国,仪,"1、<名>法度；标准
<例句：抚百姓，示仪轨。>
2、<名>仪器
<例句：复造侯风地动仪。>
3、<名>外貌；外表
<例句：入门上家堂，进退无颜仪。>
4、<名>礼仪；礼节
<例句：诏府中备凶仪。>
5、<名>礼物
<例句：弟却也无以为敬，谨具贺仪五十两。>
",<名>外貌；外表
165,《诗》云：“其仪不【忒】，正是四国,忒,"1、tè<动>差错
<例句：不忒者，礤所措必胜。>
2、tè<动>差错
<例句：不忒者，礤所措必胜。>
3、tè<动>差错
<例句：不忒者，礤所措必胜。>
",tè<动>差错
166,”其为父子兄弟足【法】，而后民法之也,法,"1、<名>法令；法律；制度
<例句：故治国无法则乱。>
2、<名>标准；法则；规律
<例句：是故君子动而世为为天下道，行而世为天下法，言而世为天下则。>
<例句：此物能寒，法当较今尤茂>
3、<名>方法；做法
<例句：凡用兵之法，全国为上。>
<例句：古法采草药多用二、八月。>
4、<动>效法；仿效
<例句：是以圣人不期修古，不法常可。>
<例句：非不贤也，为其不可得而法。>
5、<名>佛教的道理
<例句：听法还应难。>
",<名>标准；法则；规律
167,此谓治国【在】齐其家,在,"1、<动>存在
<例句：强秦之所以不敢加兵于赵者，徒以吾两人在也。>
2、<动>居于；处于
<例句：君之病在肠胃。>
<例句：以相如功大，拜为上卿，位在廉颇之右。>
3、<动>在于；取决于
<例句：驽马十驾，功在不会舍。>
4、<介>在
<例句：横柯上蔽，在昼犹昏。>
<例句：要留青白在人间。>
",<动>在于；取决于
168,此谓治国在齐【其】家,其,"2、第三人称代词。一般代人，用在动词或形容词之前，作主谓短语中的小主语。
<例句：秦王恐其破璧（《廉颇蔺相如列传》）""其破璧""作宾语）\n>
3、的""。
<例句：今肃迎操，操当以肃还付乡党，品其名位，犹不失下曹从事。>
<例句：而余亦悔其随之而不得极夫游之乐也。>
4、指示代词，表远指。作定语，可译为""那""""那个""""那些""""那里""。
<例句：则或咎其欲出者。>
<例句：今操得荆州，奄有其地。>
5、指示代词，表示""其中的""，后面多为数词。
<例句：于乱石间择其一二扣之。>
6、指示代词，表示近指，相当于“这”，“这个”，“这些”。
<例句：有蒋氏者，专其利三世矣。>
",。
169,【所】谓平天下在治其国者，上老老而民兴孝，上长长而民兴弟，上恤孤而民不倍，是以君子有絜矩之道也,所,"1、经常放在动词前，同动词结合，组成""所""字结构。""所""字结构是名词性短语，表示""所……的人""、""所……的事物""、""所……的情况""等。
<例句：于众人广坐之中，不宜有所过，今公子故过之。>
<例句：故余虽愚，卒获有所闻。>
<例句：余在患难中，间以诗记所遭。>
2、""所""和动词结合，后面再有名词性结构，则所字结构起定语的作用。
<例句：夜则以兵围所寓舍。>
<例句：臣所过屠者朱亥，此子贤者，世莫能知，故隐屠闻耳。>
3、在有些句子中，""为""和""所""呼应，组成""为……所……""的格式，表示被动。
<例句：贾家庄几为巡徼所陵迫死。>
<例句：嬴闻如姬父为人所杀。>
4、表示原因的。
<例句：亲贤臣，远小人，此先汉所以兴隆也；亲小人，远贤臣，此后汉所以倾颓也。>
<例句：吾所以为此者，以先国家之急而后私仇也。>
<例句：臣所以去亲戚而事君者，徒慕君之高义也。>
<例句：所以遣将守关者，备他盗之出入与非常也。>
5、表示手段或凭借的。
<例句：吾所以待侯生者备矣，……>
<例句：师者，所以传道受业解惑也。>
6、【所谓】所说的。
<例句：此所谓战胜于朝廷。>
<例句：非吾所谓传其道解其惑者也。>
7、到处。
<例句：石之铿然有声音者，所在皆是也。>
8、所在之处，处所。
<例句：原来有这等一个所在，且回衙去>
<例句：急趋之，折过墙隅，迷其所在。>
",【所谓】所说的。
170,所谓平天下在【治】其国者，上老老而民兴孝，上长长而民兴弟，上恤孤而民不倍，是以君子有絜矩之道也,治,"1、<动>治理
<例句：民不足而可治者，自下及今未之尝闻。>
2、<动>惩处
<例句：不效则治臣之罪。>
3、<动>医治
<例句：君有疾在腠理，不治将恐深。>
4、<动>建造
<例句：为治斋宫河上。>
5、<动>整理；备办
<例句：于是约车治装，载券契而行。>
6、<动>训练
<例句：史公治兵，往来桐城。>
7、<动>对付；抵御
<例句：同心一意，共治曹操。>
8、<动>处理
<例句：单于使卫律治其事。>
9、<动>讲求；研究
<例句：此惟救死而恐不赡，奚暇治礼义哉。>
10、<名>地方政府所在地
<例句：州治德化县，即唐之浔阳县。>
11、<形>治理得好；太平
<例句：明于治乱，娴于辞令。>
",<动>治理
171,所谓平天下在治【其】国者，上老老而民兴孝，上长长而民兴弟，上恤孤而民不倍，是以君子有絜矩之道也,其,"2、第三人称代词。一般代人，用在动词或形容词之前，作主谓短语中的小主语。
<例句：秦王恐其破璧（《廉颇蔺相如列传》）""其破璧""作宾语）\n>
3、的""。
<例句：今肃迎操，操当以肃还付乡党，品其名位，犹不失下曹从事。>
<例句：而余亦悔其随之而不得极夫游之乐也。>
4、指示代词，表远指。作定语，可译为""那""""那个""""那些""""那里""。
<例句：则或咎其欲出者。>
<例句：今操得荆州，奄有其地。>
5、指示代词，表示""其中的""，后面多为数词。
<例句：于乱石间择其一二扣之。>
6、指示代词，表示近指，相当于“这”，“这个”，“这些”。
<例句：有蒋氏者，专其利三世矣。>
",。
172,所谓平天下在治其国【者】，上老老而民兴孝，上长长而民兴弟，上恤孤而民不倍，是以君子有絜矩之道也,者,"1、助词，主要有两种用法。一种是附在别的词或短语之后，组成名词性短语。
<例句：将藏之于家，使来者读之，悲予志焉。>
<例句：用叶者取叶初长足时，用芽者自从本说，用花者取花初敷时，用实者成实时采。>
2、""者""的另一种用法是放在一个词或一组词后边，起提顿作用，先用""……者""提出在说明的事物，稍微停顿一下，然后说明或论断。
<例句：大阉之乱，缙绅而能不易其志者，四海之大，有几人欤？>
<例句：古之让天子者，是去监门之养而离臣虏之劳也。>
3、""者""有时放在时间副词之后，起语助作用，可不译。
<例句：今者项庄拔剑舞，其意常在沛公也。>
4、""者""有时放在数词后边，可译为""个""""样""之类。
<例句：此数者用兵之患也，而操皆冒行之。>
","""者""的另一种用法是放在一个词或一组词后边，起提顿作用，先用""……者""提出在说明的事物，稍微停顿一下，然后说明或论断。"
173,所谓平天下在治其国者，上老【老】而民兴孝，上长长而民兴弟，上恤孤而民不倍，是以君子有絜矩之道也,老,"1、<形>年老；衰老
<例句：年既老而不衰。>
2、<动>老死
<例句：令五人者保其首领以老于户牖之下。>
3、<名>老年人
<例句：罢夫老易子而咬其骨。>
4、<名>对辈、长者的称呼
<例句：故得尽见杜老所谓‘幸有舟楫迟，得尽所历妙’也。>
5、<动>敬重；尊重；敬养
<例句：老吾老，以及人之老。>
6、<形>陈旧的；时间久的
<例句：百年老屋，尘泥渗漉，雨泽下注。>
7、<名>老子及其学说的省称
<例句：攘斥佛老。>
",<名>老年人
174,所谓平天下在治其国者，上老老而民兴孝，上长长而民兴弟，上恤孤而民不【倍】，是以君子有絜矩之道也,倍,"1、原数的基础上增加的相等数
2、<动>通“背”,背向;背对着;违背;违反;背叛;背诵
3、通“悖”,悖逆乖戾
<例句：上下无义则乱贵贱无分则争长幼无等则倍贫富无度则失。>
<例句：丧三即位周室父兄子孙倍之。>
<例句：俱诵《墨经》而倍不同相谓别墨。>
<例句：倍僪>
","通“悖”,悖逆乖戾"
175,所谓平天下在治其国者，上老老而民兴孝，上长长而民兴弟，上恤孤而民不倍，是以君子【有】絜矩之道也,有,"1、<动>与“无”相对
<例句：有朋自远方来，不亦乐乎。>
2、<动>占有
<例句：沛公欲王关中，使子婴为相，珍宝尽有之。>
3、<动>掌握
<例句：有道之士，贵以近知远。>
4、<形>富有
<例句：礼生于有而废于无。>
5、<名>收获；出产的东西
<例句：退而甘食其土之有。>
6、<连>或者
<例句：故君子有不战，战则必胜。>
7、<助>用在动词前，以助语气
<例句：干将发硎，有作其芒。>
8、<副>通“又”，表示进一层
<例句：虽有槁暴，不复挺者，輮使之然也。>
9、<连>通“又”，用于整数与零数之间
<例句：臣密今年四十有四。>
10、<动>与“无”相对
<例句：有朋自远方来，不亦乐乎。>
11、<动>占有
<例句：沛公欲王关中，使子婴为相，珍宝尽有之。>
12、<动>掌握
<例句：有道之士，贵以近知远。>
13、<形>富有
<例句：礼生于有而废于无。>
14、<名>收获；出产的东西
<例句：退而甘食其土之有。>
15、<连>或者
<例句：故君子有不战，战则必胜。>
16、<助>用在动词前，以助语气
<例句：干将发硎，有作其芒。>
17、<副>通“又”，表示进一层
<例句：虽有槁暴，不复挺者，輮使之然也。>
18、<连>通“又”，用于整数与零数之间
<例句：臣密今年四十有四。>
",<动>与“无”相对
176,所恶于上，毋以使【下】，所恶于下，毋以事上；所恶于前，毋以先后；所恶于后，毋以从前；所恶于右，毋以交于左；所恶于左，毋以交于右；此之谓絜矩之道,下,"1、<名>下面；位置较低的处所
<例句：上食埃土，下饮黄泉。>
2、<形>低
<例句：此地势高下之不同也。>
3、<形>下等；次序在后的
<例句：闻寡之耳者，受下赏。>
4、<名>地位低下的人；职务低的人；下级
<例句：且相如素贱人，吾羞，不忍为之下。>
5、<动>从高处到低处
<例句：转入石门，越天都之胁而下。>
6、<动>降下；落下
<例句：纷纷暮雪下辕门。>
7、<动>下坠
<例句：项王泣数行下。>
8、<动>到……去
<例句：君乃自湖南溯江，下上海。>
9、<动>下达；颁布
<例句：维扬帅下逐客之令。>
10、<动>攻下；攻占
<例句：蕲下，乃令符离人葛婴将兵徇蕲以东。>
11、<动>少于；低于
<例句：今之众人，其下圣人也亦矣。>
12、<动>谦下；降低身份去交往
<例句：公子为人，仁而下士。>
13、<量>表示动作的次数
<例句：忽然抚尺一下，群响毕绝。>
14、<名>方面；方
<例句：今若取此以断两下相杀，则合于礼矣。>
",<名>地位低下的人；职务低的人；下级
177,所恶于上，毋以使下，所恶于【下】，毋以事上；所恶于前，毋以先后；所恶于后，毋以从前；所恶于右，毋以交于左；所恶于左，毋以交于右；此之谓絜矩之道,下,"1、<名>下面；位置较低的处所
<例句：上食埃土，下饮黄泉。>
2、<形>低
<例句：此地势高下之不同也。>
3、<形>下等；次序在后的
<例句：闻寡之耳者，受下赏。>
4、<名>地位低下的人；职务低的人；下级
<例句：且相如素贱人，吾羞，不忍为之下。>
5、<动>从高处到低处
<例句：转入石门，越天都之胁而下。>
6、<动>降下；落下
<例句：纷纷暮雪下辕门。>
7、<动>下坠
<例句：项王泣数行下。>
8、<动>到……去
<例句：君乃自湖南溯江，下上海。>
9、<动>下达；颁布
<例句：维扬帅下逐客之令。>
10、<动>攻下；攻占
<例句：蕲下，乃令符离人葛婴将兵徇蕲以东。>
11、<动>少于；低于
<例句：今之众人，其下圣人也亦矣。>
12、<动>谦下；降低身份去交往
<例句：公子为人，仁而下士。>
13、<量>表示动作的次数
<例句：忽然抚尺一下，群响毕绝。>
14、<名>方面；方
<例句：今若取此以断两下相杀，则合于礼矣。>
",<名>地位低下的人；职务低的人；下级
178,所恶于上，毋以使下，所恶于下，毋以事上；所恶于前，毋以先后；所恶于后，毋以从前；所恶于右，毋以交于左；所恶于左，毋以交于【右】；此之谓絜矩之道,右,"1、<名>右边
<例句：旁开小窗，左右各四。>
2、<名>古代战车上坐在右边负责警卫并防止车身倾斜的力士
<例句：莱驹为右。>
3、<名>古代称等级（人或物；地位等）
<例句：无出其右者。>
4、<动>尊重
<例句：兼爱，尚贤，右鬼，非命，墨子之所立也。>
5、<动>赞助
<例句：王右伯舆。>
6、<动>通“侑”，劝人饮食
<例句：以享右祭祀。>
7、<动>崇尚，重视
<例句：窃以右文兴化，乃致治之所先。>
",<名>右边
179,所恶于上，毋以使下，所恶于下，毋以事上；所恶于前，毋以先后；所恶于后，毋以从前；所恶于右，毋以交于左；所恶于左，毋以交于右；此【之】谓絜矩之道,之,"1、指示代词，表近指。可译为""这""，通常作复指性定语。
<例句：均之二策。>
2、之间，可译为""的""，有的可不译。
<例句：若能以吴、越之众与中国抗衡。>
3、和补语之间，可译为""得""。
<例句：古人之观于天地、山川、草木、虫鱼、鸟兽，往往有得，以其求思之深而无不在也。>
4、 结构助词。当主谓短语在句中作主语、宾语或一个分句时，""之""用在主语和谓语之间，起取消句子独立性的作用，可不译。译时可省去。
<例句：师道之不传也久矣！欲人之无惑也难矣！>
<例句：悍吏之来吾乡，叫嚣乎东西。>
<例句：孤之有孔明，犹鱼之有水也。>
5、音节助词，用在形容词、副词或某些动词的末尾，或用在三个字之间，使之凑成四个字，只起调整音节的作用，无义，译时应省去。
<例句：顷之，烟炎张天。>
<例句：毛先生以三寸之舌，强于百万之师。>
<例句：久之，目似瞑，意暇甚>
","结构助词。当主谓短语在句中作主语、宾语或一个分句时，""之""用在主语和谓语之间，起取消句子独立性的作用，可不译。译时可省去。"
180,”民之所好【好】之，民之所恶恶之，此之谓民之父母,好,"1、<形>容貌美
<例句：秦氏有好女，自名为罗敷。>
2、<形>好；善、佳
<例句：坏>
<例句：恶>
<例句：好雨知时节。>
<例句：正是江南好风景。>
3、<动>完毕；完成
<例句：妆好方长叹，欢余却浅颦。>
4、<副>合适；合宜
<例句：青春作伴好还家。>
5、<副>很
<例句：你这客官好不晓事。>
6、<形>病痊愈
<例句：只怕他的病一生不能好的了。>
7、<动>喜欢；喜好
<例句：余幼好此奇服兮，年既老而不衰。>
8、<名>玉器或钱币中间的孔
<例句：璧羡度尺，好三寸以为度。>
9、<形>容貌美
<例句：秦氏有好女，自名为罗敷。>
10、<形>好；善、佳
<例句：坏>
<例句：恶>
<例句：好雨知时节。>
<例句：正是江南好风景。>
11、<动>完毕；完成
<例句：妆好方长叹，欢余却浅颦。>
12、<副>合适；合宜
<例句：青春作伴好还家。>
13、<副>很
<例句：你这客官好不晓事。>
14、<形>病痊愈
<例句：只怕他的病一生不能好的了。>
15、<动>喜欢；喜好
<例句：余幼好此奇服兮，年既老而不衰。>
16、<名>玉器或钱币中间的孔
<例句：璧羡度尺，好三寸以为度。>
",<动>喜欢；喜好
181,”民之所好好之，民之所恶恶之，此【之】谓民之父母,之,"1、指示代词，表近指。可译为""这""，通常作复指性定语。
<例句：均之二策。>
2、之间，可译为""的""，有的可不译。
<例句：若能以吴、越之众与中国抗衡。>
3、和补语之间，可译为""得""。
<例句：古人之观于天地、山川、草木、虫鱼、鸟兽，往往有得，以其求思之深而无不在也。>
4、 结构助词。当主谓短语在句中作主语、宾语或一个分句时，""之""用在主语和谓语之间，起取消句子独立性的作用，可不译。译时可省去。
<例句：师道之不传也久矣！欲人之无惑也难矣！>
<例句：悍吏之来吾乡，叫嚣乎东西。>
<例句：孤之有孔明，犹鱼之有水也。>
5、音节助词，用在形容词、副词或某些动词的末尾，或用在三个字之间，使之凑成四个字，只起调整音节的作用，无义，译时应省去。
<例句：顷之，烟炎张天。>
<例句：毛先生以三寸之舌，强于百万之师。>
<例句：久之，目似瞑，意暇甚>
","结构助词。当主谓短语在句中作主语、宾语或一个分句时，""之""用在主语和谓语之间，起取消句子独立性的作用，可不译。译时可省去。"
182,《诗》云：“节【彼】南山，维石岩岩,彼,"1、<代>那，那个，与“此”相对
<例句：彼君子兮，不素餐兮。>
2、<代>别人，对方，与“己”“我”相对
<例句：知彼知彼，百战不殆。>
<例句：彼又使谲诈之士。>
",<代>那，那个，与“此”相对
183,《诗》云：“节彼南山，【维】石岩岩,维,"1、<名>系物的大绳子
<例句：共工……怒而触不周之山，天柱折，地维绝。>
2、<动>系；连结
<例句：絷之维之，以永今夕。>
3、<名>隅；角落
<例句：东北为报德之维也。>
4、<动>通“惟”，思考
<例句：维万世之安。>
5、<介>由于
<例句：维子之故，使我不能餐兮。>
6、<连>和；与；同
<例句：牧人乃梦，……旐维旟矣。>
7、<语气词>放在句首
<例句：维秦王兼有天下，立名为皇帝。>
",<语气词>放在句首
184,”有国者不可以不慎，辟则为天下僇【矣】,矣,"1、用于陈述句尾。助肯定语气。有的可译为''了""，有的可不译。助已然语气，说明事情已实现，可译为""了""。助将然语气，说明事情将要实现，可译为""了""。
<例句：此为长江之险已与我共之矣。>
<例句：原庄宗之所以得天下，与其所以失之者，可以知之矣。>
<例句：庭有枇杷树，吾妻死之年所手植也，今已亭亭如盖矣。>
<例句：事急而不断，祸至无日矣！>
2、用于感叹句。助感慨、讥刺、赞颂语气，可译为""了""""啊""。
<例句：甚矣，汝之不惠！>
<例句：呜呼，烈矣！>
3、用于祈使句，助请求、劝勉、禁止语气，可译为''吧""。
<例句：愿君即以遂备员而行矣。>
<例句：公子勉之矣，老臣不能从。>
4、用于疑问句末，助疑问语气。
<例句：年几何矣？>
","用于陈述句尾。助肯定语气。有的可译为''了""，有的可不译。助已然语气，说明事情已实现，可译为""了""。助将然语气，说明事情将要实现，可译为""了""。"
185,《【诗】》云：“殷之未丧师，克配上帝,诗,"1、<名>一种文学体裁；诗歌
<例句：时人伤之，为诗云尔。>
2、<名>指《诗经》
<例句：诗云：‘他人有心，予忖度之。’>
",<名>指《诗经》
186,《诗》云：“殷之【未】丧师，克配上帝,未,"1、<副>没有；不曾
<例句：计未定，求人可使报秦者。>
2、<副>不
<例句：未若复吾赋不幸之甚也。>
3、<副>用在句尾表疑问，相当于“否”、“没有”
<例句：是足以报使君未耶?>
4、<名>地支的第八位，古代用以记日子
<例句：是月丁未，与知府朱孝纯子颖由南麓登。>
5、<名>十二时辰之一，相当于下午一至三点
",<副>没有；不曾
187,《诗》云：“殷之未丧师，【克】配上帝,克,"1、<动>能；能够
<例句：凡昔元首，承天景命，善始者实繁克终者盖寡。>
2、<动>完成；成功
<例句：前虞跋胡，后恐疐尾，三纳之而未克。>
3、<动>攻克；战胜
<例句：攻之不克，围之不继。>
4、<动>克制；约束
<例句：遵为人廉约小心，克己奉公。>
",<动>能；能够
188,仪【监】于殷，峻命不易,监,"1、<动>从上往下看
<例句：监观四方，求民之莫。>
2、<动>监视；监督
<例句：却监着那十一个军汉。>
3、<动>看守；守护
<例句：为大梁夷门监者。>
4、<名>监狱；牢房
<例句：求脱械居监外板屋，费亦数十金。>
5、<名>能照映出人和物形象的器具；镜子
<例句：明监，所以照形也。>
6、<动>照看自己的形象
<例句：人无于水监，当于民监。>
7、<动>借鉴；鉴戒
<例句：周监于二代。>
8、<名>官署名
<例句：国子监>
9、<名>官名
10、<动>从上往下看
<例句：监观四方，求民之莫。>
11、<动>监视；监督
<例句：却监着那十一个军汉。>
12、<动>看守；守护
<例句：为大梁夷门监者。>
13、<名>监狱；牢房
<例句：求脱械居监外板屋，费亦数十金。>
14、<名>能照映出人和物形象的器具；镜子
<例句：明监，所以照形也。>
15、<动>照看自己的形象
<例句：人无于水监，当于民监。>
16、<动>借鉴；鉴戒
<例句：周监于二代。>
17、<名>官署名
<例句：国子监>
18、<名>官名
",<动>借鉴；鉴戒
189,仪监于殷，峻命不【易】,易,"1、<动>交换
<例句：秦王以十五城请易寡人之璧。>
<例句：罢夫羸老易子而咬其骨。>
2、<动>改变；变换
<例句：阴阳易位，时不当兮。>
3、<形>容易，与“难”相对
<例句：冯唐易老，李广难封。>
<例句：天下事有难易乎？>
4、<动>轻视
<例句：贼易之，对饮酒，醉。>
5、<形>平坦
<例句：由是贼中险易远近虚实尽知之。>
",<形>容易，与“难”相对
190,”道得众【则】得国，失众则失国,则,"1、表示承接关系。一般用来连接两个分句或紧缩复句中的前后两层意思，表示两件事情在时间上、事理上的紧密联系。可译为""就""""便""，或译为""原来是""""已经是""。
<例句：项王曰：""壮士！--赐之卮酒。""则与斗卮酒。>
<例句：故木受绳则直，金就砺则利。>
<例句：徐而察之，则山下皆石穴罅。>
<例句：子灿寐而醒，客则鼾睡炕上矣。>
2、表示假设关系。有的用在前一分句，引出假设的情况，相当于""假使""""如果""；有的用于后面的分句，表示假设或推断的结果，相当于""那么""""就""。
<例句：向吾不为斯役，则久已病矣。>
3、。可译为""就"",或不译。
<例句：位卑则足羞，官盛则近谀。>
<例句：入则孝，出则悌。>
4、表示转折、让步关系。表示意思有转折时，""则""字用在后一分句，可译为""可是""""却""；表示姑且承认一件事，预备下句转入正意时，""则""字用在前一分句。可译为""虽然""""倒是""。
<例句：于其身也，则耻师焉，惑矣。>
<例句：其室则迩，其人甚远。>
5、副词。用在判断句中，起强调和确认作用，可译作""是""""就是""。
<例句：此则岳阳楼之大观也。>
<例句：非死则徙尔。>
","表示承接关系。一般用来连接两个分句或紧缩复句中的前后两层意思，表示两件事情在时间上、事理上的紧密联系。可译为""就""""便""，或译为""原来是""""已经是""。"
191,”道得众则得国，失众【则】失国,则,"1、表示承接关系。一般用来连接两个分句或紧缩复句中的前后两层意思，表示两件事情在时间上、事理上的紧密联系。可译为""就""""便""，或译为""原来是""""已经是""。
<例句：项王曰：""壮士！--赐之卮酒。""则与斗卮酒。>
<例句：故木受绳则直，金就砺则利。>
<例句：徐而察之，则山下皆石穴罅。>
<例句：子灿寐而醒，客则鼾睡炕上矣。>
2、表示假设关系。有的用在前一分句，引出假设的情况，相当于""假使""""如果""；有的用于后面的分句，表示假设或推断的结果，相当于""那么""""就""。
<例句：向吾不为斯役，则久已病矣。>
3、。可译为""就"",或不译。
<例句：位卑则足羞，官盛则近谀。>
<例句：入则孝，出则悌。>
4、表示转折、让步关系。表示意思有转折时，""则""字用在后一分句，可译为""可是""""却""；表示姑且承认一件事，预备下句转入正意时，""则""字用在前一分句。可译为""虽然""""倒是""。
<例句：于其身也，则耻师焉，惑矣。>
<例句：其室则迩，其人甚远。>
5、副词。用在判断句中，起强调和确认作用，可译作""是""""就是""。
<例句：此则岳阳楼之大观也。>
<例句：非死则徙尔。>
","表示承接关系。一般用来连接两个分句或紧缩复句中的前后两层意思，表示两件事情在时间上、事理上的紧密联系。可译为""就""""便""，或译为""原来是""""已经是""。"
192,有德此有【人】，有人此有土，有土此有财，有财此有用,人,"1、<名>人类
<例句：夫天者，人之始也。>
2、<名>人民；众人
<例句：人之立志，顾不如蜀鄙之僧哉?>
<例句：非独贤者有是心也，人皆有之。>
3、<名>别人；他们
<例句：老吾老，以及人人之老。>
4、<名>人才；杰出的人物
<例句：子无谓秦无人，吾谋适不用也。>
5、<名>人品；人的品德操行
<例句：是其为人也，有粮者亦食，无粮者亦食。>
",<名>人民；众人
193,有德此有人，有人此有土，有土此有财，有财此有【用】,用,"1、<动>使用
<例句：察邻国之政，无如寡人之用心也。>
2、<动>任用
<例句：忠不必用兮，贤不必以。>
3、<动>效力
<例句：吴广素爱人，士卒多为用者。>
4、<动>需要，多用于否定
<例句：木兰不用尚书郎。>
5、<名>才能
<例句：彼虽善是，其用不足称也。>
6、<名>资财
<例句：强本而节用。>
7、<名>用处；作用
<例句：此率民出于无用者，何至今不杀乎。>
8、<介>根据；凭
<例句：何用识夫婿。>
9、<介>因为；由于
<例句：非蛇蟮之穴无可寄托者，用心躁也。>
10、<介>在
<例句：古法采草药多用二月、八月，此殊未当。>
",<介>在
194,德【者】本也，财者末也,者,"1、助词，主要有两种用法。一种是附在别的词或短语之后，组成名词性短语。
<例句：将藏之于家，使来者读之，悲予志焉。>
<例句：用叶者取叶初长足时，用芽者自从本说，用花者取花初敷时，用实者成实时采。>
2、""者""的另一种用法是放在一个词或一组词后边，起提顿作用，先用""……者""提出在说明的事物，稍微停顿一下，然后说明或论断。
<例句：大阉之乱，缙绅而能不易其志者，四海之大，有几人欤？>
<例句：古之让天子者，是去监门之养而离臣虏之劳也。>
3、""者""有时放在时间副词之后，起语助作用，可不译。
<例句：今者项庄拔剑舞，其意常在沛公也。>
4、""者""有时放在数词后边，可译为""个""""样""之类。
<例句：此数者用兵之患也，而操皆冒行之。>
","""者""的另一种用法是放在一个词或一组词后边，起提顿作用，先用""……者""提出在说明的事物，稍微停顿一下，然后说明或论断。"
195,德者本【也】，财者末也,也,"1、表示判断语气的。
<例句：死生，昼夜事也。>
<例句：吾师肺肝，皆铁石所铸造也。>
2、表示肯定语气的。
<例句：昔人云：""将以有为也。"">
<例句：吾上恐负朝廷，下恐愧吾师也。>
3、就是有否定词的句子，仍然是一种表否定的肯定。
<例句：众曰：""若所为诚快，然使君冤未白，犹无益也。"">
4、表示疑问语气的。
<例句：吾王庶几无疾病与，何以能鼓乐也？>
<例句：公子畏死邪？何泣也？>
5、表示感叹语气的。
<例句：吾王之好田猎，夫何使我至于此极也！>
<例句：君美甚，徐公何能及君也！>
6、用在句中，表示停顿，以舒缓语气。
<例句：当余之从师也，负箧曳屣，行深山巨谷中……>
<例句：师道之不传也久矣。>
",表示判断语气的。
196,德者本也，财【者】末也,者,"1、助词，主要有两种用法。一种是附在别的词或短语之后，组成名词性短语。
<例句：将藏之于家，使来者读之，悲予志焉。>
<例句：用叶者取叶初长足时，用芽者自从本说，用花者取花初敷时，用实者成实时采。>
2、""者""的另一种用法是放在一个词或一组词后边，起提顿作用，先用""……者""提出在说明的事物，稍微停顿一下，然后说明或论断。
<例句：大阉之乱，缙绅而能不易其志者，四海之大，有几人欤？>
<例句：古之让天子者，是去监门之养而离臣虏之劳也。>
3、""者""有时放在时间副词之后，起语助作用，可不译。
<例句：今者项庄拔剑舞，其意常在沛公也。>
4、""者""有时放在数词后边，可译为""个""""样""之类。
<例句：此数者用兵之患也，而操皆冒行之。>
","""者""的另一种用法是放在一个词或一组词后边，起提顿作用，先用""……者""提出在说明的事物，稍微停顿一下，然后说明或论断。"
197,德者本也，财者【末】也,末,"1、<名>树梢
<例句：末大必折。>
2、<名>事情、物件的端或尾
<例句：明足以察秋毫之末。>
3、<名>末尾；尽头
<例句：鲁直左手执卷末，右手指卷。>
4、<名>不重要的或非根本的
<例句：使天下各食其力，末技游食之民，转而缘南亩。>
5、<名>时间或顺序在后
<例句：吴末，甘橘成，岁得绢数千匹。>
",<名>不重要的或非根本的
198,【外】本内末，争民施夺,外,"1、<名>外面；外部
<例句：旦日，客从外来。>
2、<名>表面；外表
<例句：今将军外托服从之名，而内怀犹豫之计。>
3、<副>以外
<例句：大铁椎外，一物无所持。>
4、<动>置之于外；除去
<例句：所以禁过而外私也。>
5、<动>疏远
<例句：内小人而外君子。>
6、<名>传统戏剧中扮老年男子的角色
",<名>表面；外表
199,外本【内】末，争民施夺,内,"1、<名>里面；内部
<例句：四境之内，莫不有求于王。>
2、<名>内心
<例句：而内怀犹豫之计。>
3、<名>内室；特指皇宫
<例句：西宫南内多秋草。>
4、<名>女色
<例句：齐侯好内。>
5、<名>妻妾的泛称
<例句：内人>
<例句：贱内>
6、<动>同“纳”
<例句：先生如其旨，内狼于囊。>
<例句：距关，毋内诸侯。>
",<名>里面；内部
200,是故言【悖】而出者，亦悖而入；货悖而入者，亦悖而出,悖,"1、<动>违背,相冲突
<例句：勤而无所必有悖心。>
2、<形>荒谬
<例句：守法而弗变则悖。>
3、<形>昏惑;糊涂
",<形>荒谬
201,是故言悖而出【者】，亦悖而入；货悖而入者，亦悖而出,者,"1、助词，主要有两种用法。一种是附在别的词或短语之后，组成名词性短语。
<例句：将藏之于家，使来者读之，悲予志焉。>
<例句：用叶者取叶初长足时，用芽者自从本说，用花者取花初敷时，用实者成实时采。>
2、""者""的另一种用法是放在一个词或一组词后边，起提顿作用，先用""……者""提出在说明的事物，稍微停顿一下，然后说明或论断。
<例句：大阉之乱，缙绅而能不易其志者，四海之大，有几人欤？>
<例句：古之让天子者，是去监门之养而离臣虏之劳也。>
3、""者""有时放在时间副词之后，起语助作用，可不译。
<例句：今者项庄拔剑舞，其意常在沛公也。>
4、""者""有时放在数词后边，可译为""个""""样""之类。
<例句：此数者用兵之患也，而操皆冒行之。>
","""者""的另一种用法是放在一个词或一组词后边，起提顿作用，先用""……者""提出在说明的事物，稍微停顿一下，然后说明或论断。"
202,是故言悖而出者，亦【悖】而入；货悖而入者，亦悖而出,悖,"1、<动>违背,相冲突
<例句：勤而无所必有悖心。>
2、<形>荒谬
<例句：守法而弗变则悖。>
3、<形>昏惑;糊涂
",<形>荒谬
203,是故言悖而出者，亦悖而入；货悖而入【者】，亦悖而出,者,"1、助词，主要有两种用法。一种是附在别的词或短语之后，组成名词性短语。
<例句：将藏之于家，使来者读之，悲予志焉。>
<例句：用叶者取叶初长足时，用芽者自从本说，用花者取花初敷时，用实者成实时采。>
2、""者""的另一种用法是放在一个词或一组词后边，起提顿作用，先用""……者""提出在说明的事物，稍微停顿一下，然后说明或论断。
<例句：大阉之乱，缙绅而能不易其志者，四海之大，有几人欤？>
<例句：古之让天子者，是去监门之养而离臣虏之劳也。>
3、""者""有时放在时间副词之后，起语助作用，可不译。
<例句：今者项庄拔剑舞，其意常在沛公也。>
4、""者""有时放在数词后边，可译为""个""""样""之类。
<例句：此数者用兵之患也，而操皆冒行之。>
","""者""的另一种用法是放在一个词或一组词后边，起提顿作用，先用""……者""提出在说明的事物，稍微停顿一下，然后说明或论断。"
204,《康诰》曰：“惟命【不】于常,不,"1、<副>不,表一般否定
2、<副>没有,表存在的否定
<例句：今日出而从日中不决何也?>
3、<副>不是,表否定判断
<例句：又何往而不金玉其外败絮其中也哉。>
4、通“否”
5、<助>在句末表询问
<例句：秦王以十五城请易寡人之璧可予不?>
6、<副>用在句中表否定
<例句：不者若属皆为所虏。>
<例句：或师焉或不焉。>
","<副>不是,表否定判断"
205,”道善则得之，不善【则】失之矣,则,"1、表示承接关系。一般用来连接两个分句或紧缩复句中的前后两层意思，表示两件事情在时间上、事理上的紧密联系。可译为""就""""便""，或译为""原来是""""已经是""。
<例句：项王曰：""壮士！--赐之卮酒。""则与斗卮酒。>
<例句：故木受绳则直，金就砺则利。>
<例句：徐而察之，则山下皆石穴罅。>
<例句：子灿寐而醒，客则鼾睡炕上矣。>
2、表示假设关系。有的用在前一分句，引出假设的情况，相当于""假使""""如果""；有的用于后面的分句，表示假设或推断的结果，相当于""那么""""就""。
<例句：向吾不为斯役，则久已病矣。>
3、。可译为""就"",或不译。
<例句：位卑则足羞，官盛则近谀。>
<例句：入则孝，出则悌。>
4、表示转折、让步关系。表示意思有转折时，""则""字用在后一分句，可译为""可是""""却""；表示姑且承认一件事，预备下句转入正意时，""则""字用在前一分句。可译为""虽然""""倒是""。
<例句：于其身也，则耻师焉，惑矣。>
<例句：其室则迩，其人甚远。>
5、副词。用在判断句中，起强调和确认作用，可译作""是""""就是""。
<例句：此则岳阳楼之大观也。>
<例句：非死则徙尔。>
","表示承接关系。一般用来连接两个分句或紧缩复句中的前后两层意思，表示两件事情在时间上、事理上的紧密联系。可译为""就""""便""，或译为""原来是""""已经是""。"
206,《楚书》曰：“楚国【无】以为宝，惟善以为宝,无,"1、<动>没有
<例句：黔无驴，有好事者船载以入。>
2、<副>不；别
<例句：硕鼠硕鼠，无食我麦。>
3、<连>不论；无论
<例句：是故无贵无贱，无长无少，道之所存师之所存也。>
4、<形>贫穷；无资财
<例句：礼生于有而废于无。>
",<动>没有
207,”舅犯曰：“亡人【无】以为宝，仁亲以为宝,无,"1、<动>没有
<例句：黔无驴，有好事者船载以入。>
2、<副>不；别
<例句：硕鼠硕鼠，无食我麦。>
3、<连>不论；无论
<例句：是故无贵无贱，无长无少，道之所存师之所存也。>
4、<形>贫穷；无资财
<例句：礼生于有而废于无。>
",<动>没有
208,”《秦誓》曰：“若有一个臣，断断【兮】无他技，其心休休焉，其如有容焉,兮,"1、xī<助>表示停顿或舒缓语气，相当于“啊”、“呀”
<例句：与天地兮比寿，与日月兮齐光。>
",xī<助>表示停顿或舒缓语气，相当于“啊”、“呀”
209,”《秦誓》曰：“若有一个臣，断断兮无他【技】，其心休休焉，其如有容焉,技,"1、<名>技术；技能；本领
<例句：善哉!技盖至此乎?>
2、<名>有技艺的人
<例句：故百技所成，所以养一人也。>
",<名>技术；技能；本领
210,”《秦誓》曰：“若有一个臣，断断兮无他技，【其】心休休焉，其如有容焉,其,"2、第三人称代词。一般代人，用在动词或形容词之前，作主谓短语中的小主语。
<例句：秦王恐其破璧（《廉颇蔺相如列传》）""其破璧""作宾语）\n>
3、的""。
<例句：今肃迎操，操当以肃还付乡党，品其名位，犹不失下曹从事。>
<例句：而余亦悔其随之而不得极夫游之乐也。>
4、指示代词，表远指。作定语，可译为""那""""那个""""那些""""那里""。
<例句：则或咎其欲出者。>
<例句：今操得荆州，奄有其地。>
5、指示代词，表示""其中的""，后面多为数词。
<例句：于乱石间择其一二扣之。>
6、指示代词，表示近指，相当于“这”，“这个”，“这些”。
<例句：有蒋氏者，专其利三世矣。>
",。
211,”《秦誓》曰：“若有一个臣，断断兮无他技，其【心】休休焉，其如有容焉,心,"1、<名>心脏
<例句：顺我，即先刺心。>
2、<名>心脏所在的胸部
<例句：此臣日夜切齿拊心也。>
3、<名>内心，古人认为心是思维的器官
<例句：读书三到，谓心到，眼到，口到。>
4、<名>想法；心意
<例句：勤而无所，必有悖心。>
5、<名>中心；中央
<例句：唯见江心秋月白。>
",<名>内心，古人认为心是思维的器官
212,”《秦誓》曰：“若有一个臣，断断兮无他技，其心休休焉，【其】如有容焉,其,"2、第三人称代词。一般代人，用在动词或形容词之前，作主谓短语中的小主语。
<例句：秦王恐其破璧（《廉颇蔺相如列传》）""其破璧""作宾语）\n>
3、的""。
<例句：今肃迎操，操当以肃还付乡党，品其名位，犹不失下曹从事。>
<例句：而余亦悔其随之而不得极夫游之乐也。>
4、指示代词，表远指。作定语，可译为""那""""那个""""那些""""那里""。
<例句：则或咎其欲出者。>
<例句：今操得荆州，奄有其地。>
5、指示代词，表示""其中的""，后面多为数词。
<例句：于乱石间择其一二扣之。>
6、指示代词，表示近指，相当于“这”，“这个”，“这些”。
<例句：有蒋氏者，专其利三世矣。>
",。
213,人之有【技】，若己有之；人之彦圣，其心好之，不啻若自其口出,技,"1、<名>技术；技能；本领
<例句：善哉!技盖至此乎?>
2、<名>有技艺的人
<例句：故百技所成，所以养一人也。>
",<名>技术；技能；本领
214,人之有技，若【己】有之；人之彦圣，其心好之，不啻若自其口出,己,"1、<代>自己
<例句：知彼知己，百战不殆。>
2、<名>天干的第六位
<例句：晋师己亥过河也。>
",<代>自己
215,人之有技，若己有之；人【之】彦圣，其心好之，不啻若自其口出,之,"1、指示代词，表近指。可译为""这""，通常作复指性定语。
<例句：均之二策。>
2、之间，可译为""的""，有的可不译。
<例句：若能以吴、越之众与中国抗衡。>
3、和补语之间，可译为""得""。
<例句：古人之观于天地、山川、草木、虫鱼、鸟兽，往往有得，以其求思之深而无不在也。>
4、 结构助词。当主谓短语在句中作主语、宾语或一个分句时，""之""用在主语和谓语之间，起取消句子独立性的作用，可不译。译时可省去。
<例句：师道之不传也久矣！欲人之无惑也难矣！>
<例句：悍吏之来吾乡，叫嚣乎东西。>
<例句：孤之有孔明，犹鱼之有水也。>
5、音节助词，用在形容词、副词或某些动词的末尾，或用在三个字之间，使之凑成四个字，只起调整音节的作用，无义，译时应省去。
<例句：顷之，烟炎张天。>
<例句：毛先生以三寸之舌，强于百万之师。>
<例句：久之，目似瞑，意暇甚>
","结构助词。当主谓短语在句中作主语、宾语或一个分句时，""之""用在主语和谓语之间，起取消句子独立性的作用，可不译。译时可省去。"
216,人之有技，若己有之；人之【彦】圣，其心好之，不啻若自其口出,彦,"1、yàn<名>指有才学的人
<例句：彼其之子，邦之彦兮。>
<例句：张凭举孝廉，出都，负其才气，谓必参时彦。>
",yàn<名>指有才学的人
217,人之有技，若己有之；人之彦【圣】，其心好之，不啻若自其口出,圣,"1、<形>通达事理，才智非凡
<例句：以管仲之圣而隰朋之智，至其所不知，不难师于老马与蚁。>
2、<名>具有最高智慧和道德的人
<例句：是故圣益圣，愚益愚。>
3、<名>在某方面最杰出的人；精通某种技艺或业务的人
<例句：诗圣>
<例句：棋圣>
4、<名>封建时代对当时的王朝或帝王的尊称
<例句：诚宜开张圣听。>
",<形>通达事理，才智非凡
218,人之有技，若己有之；人之彦圣，【其】心好之，不啻若自其口出,其,"2、第三人称代词。一般代人，用在动词或形容词之前，作主谓短语中的小主语。
<例句：秦王恐其破璧（《廉颇蔺相如列传》）""其破璧""作宾语）\n>
3、的""。
<例句：今肃迎操，操当以肃还付乡党，品其名位，犹不失下曹从事。>
<例句：而余亦悔其随之而不得极夫游之乐也。>
4、指示代词，表远指。作定语，可译为""那""""那个""""那些""""那里""。
<例句：则或咎其欲出者。>
<例句：今操得荆州，奄有其地。>
5、指示代词，表示""其中的""，后面多为数词。
<例句：于乱石间择其一二扣之。>
6、指示代词，表示近指，相当于“这”，“这个”，“这些”。
<例句：有蒋氏者，专其利三世矣。>
",。
219,人之有技，若己有之；人之彦圣，其【心】好之，不啻若自其口出,心,"1、<名>心脏
<例句：顺我，即先刺心。>
2、<名>心脏所在的胸部
<例句：此臣日夜切齿拊心也。>
3、<名>内心，古人认为心是思维的器官
<例句：读书三到，谓心到，眼到，口到。>
4、<名>想法；心意
<例句：勤而无所，必有悖心。>
5、<名>中心；中央
<例句：唯见江心秋月白。>
",<名>内心，古人认为心是思维的器官
220,人之有技，若己有之；人之彦圣，其心【好】之，不啻若自其口出,好,"1、<形>容貌美
<例句：秦氏有好女，自名为罗敷。>
2、<形>好；善、佳
<例句：坏>
<例句：恶>
<例句：好雨知时节。>
<例句：正是江南好风景。>
3、<动>完毕；完成
<例句：妆好方长叹，欢余却浅颦。>
4、<副>合适；合宜
<例句：青春作伴好还家。>
5、<副>很
<例句：你这客官好不晓事。>
6、<形>病痊愈
<例句：只怕他的病一生不能好的了。>
7、<动>喜欢；喜好
<例句：余幼好此奇服兮，年既老而不衰。>
8、<名>玉器或钱币中间的孔
<例句：璧羡度尺，好三寸以为度。>
9、<形>容貌美
<例句：秦氏有好女，自名为罗敷。>
10、<形>好；善、佳
<例句：坏>
<例句：恶>
<例句：好雨知时节。>
<例句：正是江南好风景。>
11、<动>完毕；完成
<例句：妆好方长叹，欢余却浅颦。>
12、<副>合适；合宜
<例句：青春作伴好还家。>
13、<副>很
<例句：你这客官好不晓事。>
14、<形>病痊愈
<例句：只怕他的病一生不能好的了。>
15、<动>喜欢；喜好
<例句：余幼好此奇服兮，年既老而不衰。>
16、<名>玉器或钱币中间的孔
<例句：璧羡度尺，好三寸以为度。>
",<动>喜欢；喜好
221,人之有技，若己有之；人之彦圣，其心好之，不啻若自【其】口出,其,"2、第三人称代词。一般代人，用在动词或形容词之前，作主谓短语中的小主语。
<例句：秦王恐其破璧（《廉颇蔺相如列传》）""其破璧""作宾语）\n>
3、的""。
<例句：今肃迎操，操当以肃还付乡党，品其名位，犹不失下曹从事。>
<例句：而余亦悔其随之而不得极夫游之乐也。>
4、指示代词，表远指。作定语，可译为""那""""那个""""那些""""那里""。
<例句：则或咎其欲出者。>
<例句：今操得荆州，奄有其地。>
5、指示代词，表示""其中的""，后面多为数词。
<例句：于乱石间择其一二扣之。>
6、指示代词，表示近指，相当于“这”，“这个”，“这些”。
<例句：有蒋氏者，专其利三世矣。>
",。
222,人之有技，若己有之；人之彦圣，其心好之，不啻若自其【口】出,口,"1、<名>嘴
<例句：为肥甘不足于口与?>
2、<名>人口
<例句：视高、曾时口已不下五六倍。>
3、<量>(一)个
<例句：献剑一口。>
<例句：水南十里有井数百口。>
4、<名>器物的口
<例句：乃取一葫芦置于地，以钱覆其口。>
5、<名>进出的通道
<例句：彭蠡之口有石钟山焉。>
<例句：山有小口，仿佛若有光。>
6、<名>刀剑的刃
<例句：砍铜剁铁，刀口不卷。>
7、<名>中医指寸脉
<例句：切其脉时，右口气急。>
",<名>嘴
223,实能容之，以能保【我】子孙黎民，尚亦有利哉！人之有技，媢嫉以恶之；人之彦圣，而违之，俾不通：实不能容，以不能保我子孙黎民，亦曰殆哉！”唯仁人放流之，迸诸四夷，不与同中国,我,"1、<代>我；我们
2、<代>古代史家用来称本国或本朝
<例句：齐师伐我。>
",<代>古代史家用来称本国或本朝
224,实能容之，以能保我子孙黎民，尚亦有利【哉】！人之有技，媢嫉以恶之；人之彦圣，而违之，俾不通：实不能容，以不能保我子孙黎民，亦曰殆哉！”唯仁人放流之，迸诸四夷，不与同中国,哉,"1、<语助>表示感叹的语气，相当于“啊”
<例句：噫嘻悲哉！此秋声也。>
2、<语助>表示疑问的语气，相当于“呢”
<例句：而此独以钟名，何哉？>
3、<语助>表示反问语气
<例句：相如虽驽，独畏廉将军哉？>
",<语助>表示感叹的语气，相当于“啊”
225,实能容之，以能保我子孙黎民，尚亦有利哉！人【之】有技，媢嫉以恶之；人之彦圣，而违之，俾不通：实不能容，以不能保我子孙黎民，亦曰殆哉！”唯仁人放流之，迸诸四夷，不与同中国,之,"1、指示代词，表近指。可译为""这""，通常作复指性定语。
<例句：均之二策。>
2、之间，可译为""的""，有的可不译。
<例句：若能以吴、越之众与中国抗衡。>
3、和补语之间，可译为""得""。
<例句：古人之观于天地、山川、草木、虫鱼、鸟兽，往往有得，以其求思之深而无不在也。>
4、 结构助词。当主谓短语在句中作主语、宾语或一个分句时，""之""用在主语和谓语之间，起取消句子独立性的作用，可不译。译时可省去。
<例句：师道之不传也久矣！欲人之无惑也难矣！>
<例句：悍吏之来吾乡，叫嚣乎东西。>
<例句：孤之有孔明，犹鱼之有水也。>
5、音节助词，用在形容词、副词或某些动词的末尾，或用在三个字之间，使之凑成四个字，只起调整音节的作用，无义，译时应省去。
<例句：顷之，烟炎张天。>
<例句：毛先生以三寸之舌，强于百万之师。>
<例句：久之，目似瞑，意暇甚>
","结构助词。当主谓短语在句中作主语、宾语或一个分句时，""之""用在主语和谓语之间，起取消句子独立性的作用，可不译。译时可省去。"
226,实能容之，以能保我子孙黎民，尚亦有利哉！人之有【技】，媢嫉以恶之；人之彦圣，而违之，俾不通：实不能容，以不能保我子孙黎民，亦曰殆哉！”唯仁人放流之，迸诸四夷，不与同中国,技,"1、<名>技术；技能；本领
<例句：善哉!技盖至此乎?>
2、<名>有技艺的人
<例句：故百技所成，所以养一人也。>
",<名>技术；技能；本领
227,实能容之，以能保我子孙黎民，尚亦有利哉！人之有技，媢嫉以恶之；人之【彦】圣，而违之，俾不通：实不能容，以不能保我子孙黎民，亦曰殆哉！”唯仁人放流之，迸诸四夷，不与同中国,彦,"1、yàn<名>指有才学的人
<例句：彼其之子，邦之彦兮。>
<例句：张凭举孝廉，出都，负其才气，谓必参时彦。>
",yàn<名>指有才学的人
228,实能容之，以能保我子孙黎民，尚亦有利哉！人之有技，媢嫉以恶之；人之彦【圣】，而违之，俾不通：实不能容，以不能保我子孙黎民，亦曰殆哉！”唯仁人放流之，迸诸四夷，不与同中国,圣,"1、<形>通达事理，才智非凡
<例句：以管仲之圣而隰朋之智，至其所不知，不难师于老马与蚁。>
2、<名>具有最高智慧和道德的人
<例句：是故圣益圣，愚益愚。>
3、<名>在某方面最杰出的人；精通某种技艺或业务的人
<例句：诗圣>
<例句：棋圣>
4、<名>封建时代对当时的王朝或帝王的尊称
<例句：诚宜开张圣听。>
",<形>通达事理，才智非凡
229,实能容之，以能保我子孙黎民，尚亦有利哉！人之有技，媢嫉以恶之；人之彦圣，而违之，【俾】不通：实不能容，以不能保我子孙黎民，亦曰殆哉！”唯仁人放流之，迸诸四夷，不与同中国,俾,"1、bǐ<动>使
<例句：置老监，俾困苦不可忍。>
<例句：裨>
<例句：谋夫起予，哲士俾我。>
2、bǐ<动>使
<例句：置老监，俾困苦不可忍。>
<例句：裨>
<例句：谋夫起予，哲士俾我。>
3、bǐ<动>使
<例句：置老监，俾困苦不可忍。>
<例句：裨>
<例句：谋夫起予，哲士俾我。>
",bǐ<动>使
230,实能容之，以能保我子孙黎民，尚亦有利哉！人之有技，媢嫉以恶之；人之彦圣，而违之，俾不通：实不能容，以不能保【我】子孙黎民，亦曰殆哉！”唯仁人放流之，迸诸四夷，不与同中国,我,"1、<代>我；我们
2、<代>古代史家用来称本国或本朝
<例句：齐师伐我。>
",<代>古代史家用来称本国或本朝
231,实能容之，以能保我子孙黎民，尚亦有利哉！人之有技，媢嫉以恶之；人之彦圣，而违之，俾不通：实不能容，以不能保我子孙黎民，亦曰殆【哉】！”唯仁人放流之，迸诸四夷，不与同中国,哉,"1、<语助>表示感叹的语气，相当于“啊”
<例句：噫嘻悲哉！此秋声也。>
2、<语助>表示疑问的语气，相当于“呢”
<例句：而此独以钟名，何哉？>
3、<语助>表示反问语气
<例句：相如虽驽，独畏廉将军哉？>
",<语助>表示感叹的语气，相当于“啊”
232,此【谓】唯仁人为能爱人，能恶人,谓,"1、<动>告诉；对……说
<例句：请往谓项王，言沛公不敢项王也。>
2、<动>说
<例句：因得观所谓石钟山者。>
3、<动>叫做；称为
<例句：褒禅山亦谓之华山。>
4、<动>以为；认为
<例句：愚谓大计不如迎之。>
5、<动>是；说的是
<例句：太守谓谁？>
",<动>是；说的是
233,见贤而不能【举】，举而不能先，命也；见不善而不能退，退而不能远，过也,举,"1、<动>举起；擎起
<例句：吾力足以举百钧。>
2、<动>拿，用
<例句：吾不能举全吴之地，十万之众，受制于人。>
3、<动>举出；提出
<例句：举类迩而见义远。>
4、<动>起身；腾起
<例句：兔起凫举。>
5、<动>挂起；升起
<例句：中江举帆。>
6、<动>推举；推荐
<例句：后刺史臣荣举臣秀才。>
7、<动>举用；任用
<例句：莫不求忠以自为，举贤以自佐。>
8、<动>发动；兴起
<例句：远方之能疑者，并举而争起矣。>
9、<动>举行；实行
<例句：今亡亦死，举大计亦死，等死，死国可乎？>
10、<名>举动；行为动作
<例句：全在天津阅兵之举。>
11、<动>攻克；攻占
<例句：南取汉中，西举巴蜀。>
12、<动>完成；成功
<例句：何不作衣裳？莫令事不举。>
13、<动>生育；养育
<例句：其母窃举生之。>
<例句：生男慎莫举，生女哺用脯。>
14、<动>检举；揭发
<例句：恤孤寡，举阿党。>
15、<名>科举；科举考试
<例句：有儒生柳毅者，应举下第。>
16、<动>中举；考中
<例句：乙先得举，登仕路。>
17、<形>全；整个
<例句：举世皆浊而我独清。>
18、<副>全；都
<例句：举欣欣然有喜色而相告。>
19、<形>尽；完
<例句：杀人如不能举，刑人如恐不胜。>
20、<动>点起为；点燃
<例句：暮见火举而俱发。>
",<动>举用；任用
234,见贤而不能举，举而不能先，命【也】；见不善而不能退，退而不能远，过也,也,"1、表示判断语气的。
<例句：死生，昼夜事也。>
<例句：吾师肺肝，皆铁石所铸造也。>
2、表示肯定语气的。
<例句：昔人云：""将以有为也。"">
<例句：吾上恐负朝廷，下恐愧吾师也。>
3、就是有否定词的句子，仍然是一种表否定的肯定。
<例句：众曰：""若所为诚快，然使君冤未白，犹无益也。"">
4、表示疑问语气的。
<例句：吾王庶几无疾病与，何以能鼓乐也？>
<例句：公子畏死邪？何泣也？>
5、表示感叹语气的。
<例句：吾王之好田猎，夫何使我至于此极也！>
<例句：君美甚，徐公何能及君也！>
6、用在句中，表示停顿，以舒缓语气。
<例句：当余之从师也，负箧曳屣，行深山巨谷中……>
<例句：师道之不传也久矣。>
",表示感叹语气的。
235,好人之所恶，恶人之所【好】，是谓拂人之性，菑必逮夫身,好,"1、<形>容貌美
<例句：秦氏有好女，自名为罗敷。>
2、<形>好；善、佳
<例句：坏>
<例句：恶>
<例句：好雨知时节。>
<例句：正是江南好风景。>
3、<动>完毕；完成
<例句：妆好方长叹，欢余却浅颦。>
4、<副>合适；合宜
<例句：青春作伴好还家。>
5、<副>很
<例句：你这客官好不晓事。>
6、<形>病痊愈
<例句：只怕他的病一生不能好的了。>
7、<动>喜欢；喜好
<例句：余幼好此奇服兮，年既老而不衰。>
8、<名>玉器或钱币中间的孔
<例句：璧羡度尺，好三寸以为度。>
9、<形>容貌美
<例句：秦氏有好女，自名为罗敷。>
10、<形>好；善、佳
<例句：坏>
<例句：恶>
<例句：好雨知时节。>
<例句：正是江南好风景。>
11、<动>完毕；完成
<例句：妆好方长叹，欢余却浅颦。>
12、<副>合适；合宜
<例句：青春作伴好还家。>
13、<副>很
<例句：你这客官好不晓事。>
14、<形>病痊愈
<例句：只怕他的病一生不能好的了。>
15、<动>喜欢；喜好
<例句：余幼好此奇服兮，年既老而不衰。>
16、<名>玉器或钱币中间的孔
<例句：璧羡度尺，好三寸以为度。>
",<动>喜欢；喜好
236,好人之所恶，恶人之所好，是谓拂人之性，菑必逮【夫】身,夫,"1、<名>成年男子
<例句：遂率子孙荷担者三夫。>
<例句：一夫不耕，或受之饥。>
2、<名>大丈夫
<例句：闻敌强而退，非夫也。>
3、<名>指服劳役或从事某种体力劳动的人
<例句：农夫心内如汤煮，公子王孙把扇摇。>
<例句：宫人早起笑相呼，不识阶前扫地夫。>
4、<名>女子的配偶；丈夫
<例句：罗敷自有夫。>
5、<代>⒈这；那
<例句：乐夫天命复奚疑？>
<例句：使夫往而学焉。>
6、<助>⒈用在句首，引起议论
<例句：夫晋何厌之有？>
<例句：食夫稻，衣夫锦，放女安乎？>
<例句：啊>
<例句：吧>
<例句：后之视今，亦犹今之视昔，悲夫！>
7、<名>成年男子
<例句：遂率子孙荷担者三夫。>
<例句：一夫不耕，或受之饥。>
8、<名>大丈夫
<例句：闻敌强而退，非夫也。>
9、<名>指服劳役或从事某种体力劳动的人
<例句：农夫心内如汤煮，公子王孙把扇摇。>
<例句：宫人早起笑相呼，不识阶前扫地夫。>
10、<名>女子的配偶；丈夫
<例句：罗敷自有夫。>
11、<代>⒈这；那
<例句：乐夫天命复奚疑？>
<例句：使夫往而学焉。>
12、<助>⒈用在句首，引起议论
<例句：夫晋何厌之有？>
<例句：食夫稻，衣夫锦，放女安乎？>
<例句：啊>
<例句：吧>
<例句：后之视今，亦犹今之视昔，悲夫！>
",<代>⒈这；那
237,生财有大道，生之者【众】，食之者寡，为之者疾，用之者舒，则财恒足矣,众,"1、<形>众多；多
<例句：彼众我寡，及其未既济也。>
2、<名>众人；大家
<例句：三保戒团众装药实弹，毋妄发。>
3、<名>士众；兵士人数
<例句：江东虽小，地方千里，众数十万人，亦足王也。>
4、<名>军队
<例句：将军身率益州之众出于秦川。>
5、<形>广泛；普遍
<例句：今之众人，其下圣人也亦远矣。>
",<形>众多；多
238,生财有大道，生之者众，食之者寡，【为】之者疾，用之者舒，则财恒足矣,为,"1、做。
<例句：谁为大王为此计者。>
<例句：为之，则难者亦易矣；不为，则易者亦难矣。>
2、成为。
<例句：吾令人望其气，皆为龙虎，成五采。>
3、担任。
<例句：陈胜、吴广皆次当行，为屯长。>
<例句：公为都御史，与太监某守辽东。>
4、是，算是。
<例句：如今人方为刀俎，我为鱼肉。>
<例句：中峨冠而多髯者为东坡。>
<例句：若止印三二本，未为简易。>
5、通""谓""。可译为""说""。
<例句：孔子不能决也，两小儿笑曰：“孰为汝多知乎！”>
6、表被动。
<例句：吾属今为之虏矣。>
<例句：身客死于秦，为天下笑。>
<例句：焦仲卿妻刘氏，为促卿母所遣。>
7、给，替。
<例句：疱丁为文惠君解牛。>
<例句：旦日飨士卒，为击破沛公军！>
<例句：此人一一为具言所闻。（介词后面省略宾语""之""，""为之具言所闻""即给桃花园中的人详细地说出所听说的事情。>
8、向，对。
<例句：如姬为公子泣。>
<例句：媪之送燕后也，持其踵为之泣。>
9、因为。
<例句：百姓之不见保，为不用恩焉。>
<例句：盘庚不为怨者故改其度。>
10、语气词：位于句尾，表疑问、感叹、反诘，可译为""呢""。
<例句：何故怀瑾握瑜，而自令见放为？>
<例句：何辞为？>
11、介词：位于名词前，指某一事物通过某种目的成为另一种专有事物，可译为“作为”。
<例句：吕不韦乃以五百金与子楚，为进用，结宾客。>
",做。
239,生财有大道，生之者众，食之者寡，为之者【疾】，用之者舒，则财恒足矣,疾,"1、<名>病；疾病
<例句：君有疾在腠里，不治将恐深。>
2、<动>生病；患病
<例句：寒暑不能使之疾。>
3、<名>毛病；缺点
<例句：必为有窃疾矣。>
4、<名>疾苦；痛苦
<例句：凡牧民者，必知其疾。>
5、<动>疾苦；痛苦
<例句：会长老，问民之所疾苦。>
6、<动>痛心；憎恨
<例句：屈平疾王听之不聪也。>
7、<动>妒忌；嫉妒
<例句：膑至，庞涓恐其贤于己，疾之。>
8、<形>快；迅速
<例句：老臣病足，曾不能疾走。>
9、<形>大；强；猛烈
<例句：顺风而呼，声非加疾也，而闻者彰。>
10、<形>敏捷
<例句：草枯鹰眼疾，雪尽马蹄轻。>
",<形>快；迅速
240,生财有大道，生之者众，食之者寡，为之者疾，【用】之者舒，则财恒足矣,用,"1、<动>使用
<例句：察邻国之政，无如寡人之用心也。>
2、<动>任用
<例句：忠不必用兮，贤不必以。>
3、<动>效力
<例句：吴广素爱人，士卒多为用者。>
4、<动>需要，多用于否定
<例句：木兰不用尚书郎。>
5、<名>才能
<例句：彼虽善是，其用不足称也。>
6、<名>资财
<例句：强本而节用。>
7、<名>用处；作用
<例句：此率民出于无用者，何至今不杀乎。>
8、<介>根据；凭
<例句：何用识夫婿。>
9、<介>因为；由于
<例句：非蛇蟮之穴无可寄托者，用心躁也。>
10、<介>在
<例句：古法采草药多用二月、八月，此殊未当。>
",<动>使用
241,生财有大道，生之者众，食之者寡，为之者疾，用之者舒，则财【恒】足矣,恒,"1、<形>永久不变；固定
<例句：无恒产而有恒心者，惟士为能。>
2、<副>经常；常常；总是
<例句：人恒过，然后能改。>
<例句：数年恒不一见。>
3、<形>平常；一般
<例句：寄伪儿啼，恐栗，为儿恒状。>
",<副>经常；常常；总是
242,未有上好仁而下不好义者也，未有好义【其】事不终者也，未有府库财非其财者也,其,"2、第三人称代词。一般代人，用在动词或形容词之前，作主谓短语中的小主语。
<例句：秦王恐其破璧（《廉颇蔺相如列传》）""其破璧""作宾语）\n>
3、的""。
<例句：今肃迎操，操当以肃还付乡党，品其名位，犹不失下曹从事。>
<例句：而余亦悔其随之而不得极夫游之乐也。>
4、指示代词，表远指。作定语，可译为""那""""那个""""那些""""那里""。
<例句：则或咎其欲出者。>
<例句：今操得荆州，奄有其地。>
5、指示代词，表示""其中的""，后面多为数词。
<例句：于乱石间择其一二扣之。>
6、指示代词，表示近指，相当于“这”，“这个”，“这些”。
<例句：有蒋氏者，专其利三世矣。>
",。
243,未有上好仁而下不好义者也，未有好义其事不终者也，未有府库财非【其】财者也,其,"2、第三人称代词。一般代人，用在动词或形容词之前，作主谓短语中的小主语。
<例句：秦王恐其破璧（《廉颇蔺相如列传》）""其破璧""作宾语）\n>
3、的""。
<例句：今肃迎操，操当以肃还付乡党，品其名位，犹不失下曹从事。>
<例句：而余亦悔其随之而不得极夫游之乐也。>
4、指示代词，表远指。作定语，可译为""那""""那个""""那些""""那里""。
<例句：则或咎其欲出者。>
<例句：今操得荆州，奄有其地。>
5、指示代词，表示""其中的""，后面多为数词。
<例句：于乱石间择其一二扣之。>
6、指示代词，表示近指，相当于“这”，“这个”，“这些”。
<例句：有蒋氏者，专其利三世矣。>
",。
244,未有上好仁而下不好义者也，未有好义其事不终者也，未有府库财非其财【者】也,者,"1、助词，主要有两种用法。一种是附在别的词或短语之后，组成名词性短语。
<例句：将藏之于家，使来者读之，悲予志焉。>
<例句：用叶者取叶初长足时，用芽者自从本说，用花者取花初敷时，用实者成实时采。>
2、""者""的另一种用法是放在一个词或一组词后边，起提顿作用，先用""……者""提出在说明的事物，稍微停顿一下，然后说明或论断。
<例句：大阉之乱，缙绅而能不易其志者，四海之大，有几人欤？>
<例句：古之让天子者，是去监门之养而离臣虏之劳也。>
3、""者""有时放在时间副词之后，起语助作用，可不译。
<例句：今者项庄拔剑舞，其意常在沛公也。>
4、""者""有时放在数词后边，可译为""个""""样""之类。
<例句：此数者用兵之患也，而操皆冒行之。>
","""者""的另一种用法是放在一个词或一组词后边，起提顿作用，先用""……者""提出在说明的事物，稍微停顿一下，然后说明或论断。"
245,未有上好仁而下不好义者也，未有好义其事不终者也，未有府库财非其财者【也】,也,"1、表示判断语气的。
<例句：死生，昼夜事也。>
<例句：吾师肺肝，皆铁石所铸造也。>
2、表示肯定语气的。
<例句：昔人云：""将以有为也。"">
<例句：吾上恐负朝廷，下恐愧吾师也。>
3、就是有否定词的句子，仍然是一种表否定的肯定。
<例句：众曰：""若所为诚快，然使君冤未白，犹无益也。"">
4、表示疑问语气的。
<例句：吾王庶几无疾病与，何以能鼓乐也？>
<例句：公子畏死邪？何泣也？>
5、表示感叹语气的。
<例句：吾王之好田猎，夫何使我至于此极也！>
<例句：君美甚，徐公何能及君也！>
6、用在句中，表示停顿，以舒缓语气。
<例句：当余之从师也，负箧曳屣，行深山巨谷中……>
<例句：师道之不传也久矣。>
",表示判断语气的。
246,孟献子曰：“畜马乘不察于鸡豚，伐冰之家不畜牛羊，【百】乘之家不畜聚敛之臣,百,"1、<数>十个十
2、<数>概数
<例句：是故百战百胜非善之善者也。>
3、<数>十个十
4、<数>概数
<例句：是故百战百胜非善之善者也。>
",<数>概数
247,与【其】有聚敛之臣，宁有盗臣,其,"2、第三人称代词。一般代人，用在动词或形容词之前，作主谓短语中的小主语。
<例句：秦王恐其破璧（《廉颇蔺相如列传》）""其破璧""作宾语）\n>
3、的""。
<例句：今肃迎操，操当以肃还付乡党，品其名位，犹不失下曹从事。>
<例句：而余亦悔其随之而不得极夫游之乐也。>
4、指示代词，表远指。作定语，可译为""那""""那个""""那些""""那里""。
<例句：则或咎其欲出者。>
<例句：今操得荆州，奄有其地。>
5、指示代词，表示""其中的""，后面多为数词。
<例句：于乱石间择其一二扣之。>
6、指示代词，表示近指，相当于“这”，“这个”，“这些”。
<例句：有蒋氏者，专其利三世矣。>
",。
248,与其【有】聚敛之臣，宁有盗臣,有,"1、<动>与“无”相对
<例句：有朋自远方来，不亦乐乎。>
2、<动>占有
<例句：沛公欲王关中，使子婴为相，珍宝尽有之。>
3、<动>掌握
<例句：有道之士，贵以近知远。>
4、<形>富有
<例句：礼生于有而废于无。>
5、<名>收获；出产的东西
<例句：退而甘食其土之有。>
6、<连>或者
<例句：故君子有不战，战则必胜。>
7、<助>用在动词前，以助语气
<例句：干将发硎，有作其芒。>
8、<副>通“又”，表示进一层
<例句：虽有槁暴，不复挺者，輮使之然也。>
9、<连>通“又”，用于整数与零数之间
<例句：臣密今年四十有四。>
10、<动>与“无”相对
<例句：有朋自远方来，不亦乐乎。>
11、<动>占有
<例句：沛公欲王关中，使子婴为相，珍宝尽有之。>
12、<动>掌握
<例句：有道之士，贵以近知远。>
13、<形>富有
<例句：礼生于有而废于无。>
14、<名>收获；出产的东西
<例句：退而甘食其土之有。>
15、<连>或者
<例句：故君子有不战，战则必胜。>
16、<助>用在动词前，以助语气
<例句：干将发硎，有作其芒。>
17、<副>通“又”，表示进一层
<例句：虽有槁暴，不复挺者，輮使之然也。>
18、<连>通“又”，用于整数与零数之间
<例句：臣密今年四十有四。>
",<动>与“无”相对
249,与其有聚敛之臣，【宁】有盗臣,宁,"1、<形>安宁；安定
<例句：虽鸡狗不得宁焉。>
2、<动>探望；省视（父母）
<例句：吾妻归宁，述诸小妹语。>
3、<动>安葬
<例句：故请母命而宁汝于斯，便祭扫地。>
4、<副>岂；难道
<例句：王侯将相，宁有种乎？>
5、<副>宁可；宁愿
<例句：宁赴常流而葬乎江鱼腹中耳。>
6、<形>安宁；安定
<例句：虽鸡狗不得宁焉。>
7、<动>探望；省视（父母）
<例句：吾妻归宁，述诸小妹语。>
8、<动>安葬
<例句：故请母命而宁汝于斯，便祭扫地。>
9、<副>岂；难道
<例句：王侯将相，宁有种乎？>
10、<副>宁可；宁愿
<例句：宁赴常流而葬乎江鱼腹中耳。>
",<副>宁可；宁愿
250,”此【谓】国不以利为利，以义为利也,谓,"1、<动>告诉；对……说
<例句：请往谓项王，言沛公不敢项王也。>
2、<动>说
<例句：因得观所谓石钟山者。>
3、<动>叫做；称为
<例句：褒禅山亦谓之华山。>
4、<动>以为；认为
<例句：愚谓大计不如迎之。>
5、<动>是；说的是
<例句：太守谓谁？>
",<动>是；说的是
251,”此谓国不以【利】为利，以义为利也,利,"1、<形>锋利；锐利
<例句：钝>
<例句：金就砺则利。>
2、<名>利益；好处
<例句：害>
<例句：有蒋氏者，专其利三世矣。>
3、<动>有利；得利
<例句：良药苦口利于病。>
4、<形>顺利
<例句：操军不利，引次江北。>
5、<动>盈利；取利
<例句：不拊爱子其民，因而贾利之。>
6、<名>有利的条件、时机、形势等
<例句：三军以利用也。>
<例句：因利乘便，宰割天下。>
7、<名>胜利
<例句：兵法，百里而趋利者蹶上将。>
8、<名>物资；物产
<例句：荆州北据汉沔，利尽南海。>
",<名>物资；物产
252,长国家而务财用【者】，必自小人矣,者,"1、助词，主要有两种用法。一种是附在别的词或短语之后，组成名词性短语。
<例句：将藏之于家，使来者读之，悲予志焉。>
<例句：用叶者取叶初长足时，用芽者自从本说，用花者取花初敷时，用实者成实时采。>
2、""者""的另一种用法是放在一个词或一组词后边，起提顿作用，先用""……者""提出在说明的事物，稍微停顿一下，然后说明或论断。
<例句：大阉之乱，缙绅而能不易其志者，四海之大，有几人欤？>
<例句：古之让天子者，是去监门之养而离臣虏之劳也。>
3、""者""有时放在时间副词之后，起语助作用，可不译。
<例句：今者项庄拔剑舞，其意常在沛公也。>
4、""者""有时放在数词后边，可译为""个""""样""之类。
<例句：此数者用兵之患也，而操皆冒行之。>
","""者""的另一种用法是放在一个词或一组词后边，起提顿作用，先用""……者""提出在说明的事物，稍微停顿一下，然后说明或论断。"
253,长国家而务财用者，必【自】小人矣,自,"1、<代>自己
<例句：庞涓自知智穷兵败，乃自刭。>
<例句：于是焉河伯欣然自喜。>
2、<副>亲自
<例句：赵王及平原君自迎公子于界。>
<例句：项王乃悲歌慷慨，自为诗曰……。>
3、<代>其；他（她）的
<例句：中有双飞鸟，自名为鸳鸯。>
<例句：秦氏有好女，自。名为罗敷>
4、<副>原来；本来
<例句：使君自有妇，罗敷。有夫>
<例句：我自不驱卿，逼迫有阿母。>
5、<副>自然；当然
<例句：以手拂之，其印自落，殊不沾污。>
<例句：思念存想，自见异物也。>
6、<介>从；由
<例句：其剑自舟中坠于水。>
<例句：越明年，贫者自南海还。>
7、<介>在；自从
<例句：自三峡七百里中，两岸连山，略无阙处。>
<例句：自君别我后，人事不可量。>
8、<连>常“自非”连用，相当于“除非”、“假如不是”
<例句：自非亭午夜分，不见曦月。>
<例句：唯圣人能内外无患，自非圣人，外宁必有内忧。>
9、<连>表示让步，相当于“即使”
<例句：昌为人强力，敢直言，自萧、曹等皆卑下之。>
10、<助>增音节，不译
<例句：物物各自异。种种在其中。>
",<介>在；自从
254,【彼】为善之，小人之使为国家，菑害并至,彼,"1、<代>那，那个，与“此”相对
<例句：彼君子兮，不素餐兮。>
2、<代>别人，对方，与“己”“我”相对
<例句：知彼知彼，百战不殆。>
<例句：彼又使谲诈之士。>
",<代>那，那个，与“此”相对
255,虽有善者，亦无如之何【矣】！此谓国不以利为利，以义为利也,矣,"1、用于陈述句尾。助肯定语气。有的可译为''了""，有的可不译。助已然语气，说明事情已实现，可译为""了""。助将然语气，说明事情将要实现，可译为""了""。
<例句：此为长江之险已与我共之矣。>
<例句：原庄宗之所以得天下，与其所以失之者，可以知之矣。>
<例句：庭有枇杷树，吾妻死之年所手植也，今已亭亭如盖矣。>
<例句：事急而不断，祸至无日矣！>
2、用于感叹句。助感慨、讥刺、赞颂语气，可译为""了""""啊""。
<例句：甚矣，汝之不惠！>
<例句：呜呼，烈矣！>
3、用于祈使句，助请求、劝勉、禁止语气，可译为''吧""。
<例句：愿君即以遂备员而行矣。>
<例句：公子勉之矣，老臣不能从。>
4、用于疑问句末，助疑问语气。
<例句：年几何矣？>
","用于感叹句。助感慨、讥刺、赞颂语气，可译为""了""""啊""。"
256,虽有善者，亦无如之何矣！此谓国不以利为【利】，以义为利也,利,"1、<形>锋利；锐利
<例句：钝>
<例句：金就砺则利。>
2、<名>利益；好处
<例句：害>
<例句：有蒋氏者，专其利三世矣。>
3、<动>有利；得利
<例句：良药苦口利于病。>
4、<形>顺利
<例句：操军不利，引次江北。>
5、<动>盈利；取利
<例句：不拊爱子其民，因而贾利之。>
6、<名>有利的条件、时机、形势等
<例句：三军以利用也。>
<例句：因利乘便，宰割天下。>
7、<名>胜利
<例句：兵法，百里而趋利者蹶上将。>
8、<名>物资；物产
<例句：荆州北据汉沔，利尽南海。>
",<名>利益；好处
