,sentences,words,meanings,labels
0,修身则道立，尊贤则不惑，亲亲则诸父昆弟不怨，敬大臣则不眩，体群臣则士之报礼重，【子】庶民则百姓劝，来百工则财用足，柔远人则四方归之，怀诸侯则天下畏之,子,"1、<名>婴儿
<例句：干、越。夷貉之子，生而同声，长而异俗。>
2、<名>孩子
<例句：率妻子邑人来此绝境。>
3、<名>儿子或女儿
<例句：而长子迈将赴饶之德兴尉。>
4、<名>对人的尊称
<例句：您>
<例句：子何恃而往？>
5、<名>泛指人
<例句：然陈涉瓮牖绳枢之子，甿隶之人，而迁徏之徒也。>
6、<名>特称孔子
<例句：子曰：‘岁寒，然后知松柏之后凋也。’>
7、<名>地支的第一位
<例句：光绪十六年春闰二月甲子，余游巴黎蜡人馆。>
8、通“仔”
<例句：仔细>
<例句：详缓看字，子细分明读之。>
9、<名>婴儿
<例句：干、越。夷貉之子，生而同声，长而异俗。>
10、<名>孩子
<例句：率妻子邑人来此绝境。>
11、<名>儿子或女儿
<例句：而长子迈将赴饶之德兴尉。>
12、<名>对人的尊称
<例句：您>
<例句：子何恃而往？>
13、<名>泛指人
<例句：然陈涉瓮牖绳枢之子，甿隶之人，而迁徏之徒也。>
14、<名>特称孔子
<例句：子曰：‘岁寒，然后知松柏之后凋也。’>
15、<名>地支的第一位
<例句：光绪十六年春闰二月甲子，余游巴黎蜡人馆。>
16、通“仔”
<例句：仔细>
<例句：详缓看字，子细分明读之。>
17、<名>婴儿
<例句：干、越。夷貉之子，生而同声，长而异俗。>
18、<名>孩子
<例句：率妻子邑人来此绝境。>
19、<名>儿子或女儿
<例句：而长子迈将赴饶之德兴尉。>
20、<名>对人的尊称
<例句：您>
<例句：子何恃而往？>
21、<名>泛指人
<例句：然陈涉瓮牖绳枢之子，甿隶之人，而迁徏之徒也。>
22、<名>特称孔子
<例句：子曰：‘岁寒，然后知松柏之后凋也。’>
23、<名>地支的第一位
<例句：光绪十六年春闰二月甲子，余游巴黎蜡人馆。>
24、通“仔”
<例句：仔细>
<例句：详缓看字，子细分明读之。>
",2 0
1,修身则道立，尊贤则不惑，亲亲则诸父昆弟不怨，敬大臣则不眩，体群臣则士之报礼重，子庶民则百姓【劝】，来百工则财用足，柔远人则四方归之，怀诸侯则天下畏之,劝,"1、<动>鼓励；勉励
<例句：于是太公劝其女功，极技巧。>
<例句：各劝其业。>
2、<动>劝说
<例句：劝君更尽一杯酒，西出阳关无故人。>
",0
2,修身则道立，尊贤则不惑，亲亲则诸父昆弟不怨，敬大臣则不眩，体群臣则士之报礼重，子庶民则百姓劝，来百工则财【用】足，柔远人则四方归之，怀诸侯则天下畏之,用,"1、<动>使用
<例句：察邻国之政，无如寡人之用心也。>
2、<动>任用
<例句：忠不必用兮，贤不必以。>
3、<动>效力
<例句：吴广素爱人，士卒多为用者。>
4、<动>需要，多用于否定
<例句：木兰不用尚书郎。>
5、<名>才能
<例句：彼虽善是，其用不足称也。>
6、<名>资财
<例句：强本而节用。>
7、<名>用处；作用
<例句：此率民出于无用者，何至今不杀乎。>
8、<介>根据；凭
<例句：何用识夫婿。>
9、<介>因为；由于
<例句：非蛇蟮之穴无可寄托者，用心躁也。>
10、<介>在
<例句：古法采草药多用二月、八月，此殊未当。>
",0
3,【齐】明盛服，非礼不动,齐,"1、<动>相同；等同；一样
<例句：与天地兮比寿，与日月兮齐光。>
<例句：一日之内，一宫之间，而气候不齐。>
2、<动>整齐，达到同一高度
<例句：至日观数里内无树，而雪与人膝齐。>
3、<动>整顿；治理
<例句：修身、齐家、治国、平天下。>
<例句：导之以德，齐之以礼。>
4、<副>一齐；同时
<例句：落霞与孤鹜齐飞，秋水共一色。>
<例句：吾作此书，泪珠与笔墨齐下。>
<例句：于是众枪齐发，敌人纷堕如落叶。>
5、<名>周代诸侯国，在今山东北部
<例句：而齐竟怒不救楚，楚大困。>
<例句：韩告急于齐。>
6、<动>通“剂”
<例句：夫匠者手巧也，而医者齐药也。>
7、<名>通“剂”
<例句：在肠胃，火齐之所及也。>
8、<动>相同；等同；一样
<例句：与天地兮比寿，与日月兮齐光。>
<例句：一日之内，一宫之间，而气候不齐。>
9、<动>整齐，达到同一高度
<例句：至日观数里内无树，而雪与人膝齐。>
10、<动>整顿；治理
<例句：修身、齐家、治国、平天下。>
<例句：导之以德，齐之以礼。>
11、<副>一齐；同时
<例句：落霞与孤鹜齐飞，秋水共一色。>
<例句：吾作此书，泪珠与笔墨齐下。>
<例句：于是众枪齐发，敌人纷堕如落叶。>
12、<名>周代诸侯国，在今山东北部
<例句：而齐竟怒不救楚，楚大困。>
<例句：韩告急于齐。>
13、<动>通“剂”
<例句：夫匠者手巧也，而医者齐药也。>
14、<名>通“剂”
<例句：在肠胃，火齐之所及也。>
15、<动>相同；等同；一样
<例句：与天地兮比寿，与日月兮齐光。>
<例句：一日之内，一宫之间，而气候不齐。>
16、<动>整齐，达到同一高度
<例句：至日观数里内无树，而雪与人膝齐。>
17、<动>整顿；治理
<例句：修身、齐家、治国、平天下。>
<例句：导之以德，齐之以礼。>
18、<副>一齐；同时
<例句：落霞与孤鹜齐飞，秋水共一色。>
<例句：吾作此书，泪珠与笔墨齐下。>
<例句：于是众枪齐发，敌人纷堕如落叶。>
19、<名>周代诸侯国，在今山东北部
<例句：而齐竟怒不救楚，楚大困。>
<例句：韩告急于齐。>
20、<动>通“剂”
<例句：夫匠者手巧也，而医者齐药也。>
21、<名>通“剂”
<例句：在肠胃，火齐之所及也。>
",2 0
4,所以修身也；去谗远色，【贱】货而贵德，所以劝贤也；尊其位，重其禄，同其好恶，所以劝亲亲也；官盛任使，所以劝大臣也；忠信重禄，所以劝士也；时使薄敛，所以劝百姓也；日省月试，既廪称事，所以劝百工也；送往迎来，嘉善而矜不能，所以柔远人也；继绝世，举废国，治乱持危,贱,"1、<形>价格低廉
<例句：可怜身上衣正单，心忧炭贱愿天寒。>
2、<形>地位卑下；卑贱
<例句：是故无贵无贱，无长无少。>
3、<形>卑鄙；下贱
<例句：其辱人贱行，视五人之死，轻重固何如哉。>
4、<形>，表示谦虚
<例句：贱妾留空房。>
",2 0
5,所以修身也；去谗远色，贱货而贵德，所以劝贤也；尊其位，重其禄，同其好恶，所以劝亲亲也；官盛任使，所以劝大臣也；忠信重禄，所以劝士也；时使薄敛，所以劝百姓也；【日】省月试，既廪称事，所以劝百工也；送往迎来，嘉善而矜不能，所以柔远人也；继绝世，举废国，治乱持危,日,"1、<名>太阳
<例句：夸父与日逐走。>
2、<名>白昼；白天
<例句：此臣日夜切齿拊心也。>
3、<名>一昼夜；一天
<例句：尝一日千里，不忍杀之。>
4、<名>日子；时间
<例句：待到重阳日，还来就菊花。>
5、<名>往日；从前
<例句：日君乏使，使臣斯司马。>
6、<名>他日；以后的某一天
<例句：日以偕来，吾与若俱观之。>
",0
6,所以修身也；去谗远色，贱货而贵德，所以劝贤也；尊其位，重其禄，同其好恶，所以劝亲亲也；官盛任使，所以劝大臣也；忠信重禄，所以劝士也；时使薄敛，所以劝百姓也；日省【月】试，既廪称事，所以劝百工也；送往迎来，嘉善而矜不能，所以柔远人也；继绝世，举废国，治乱持危,月,"1、<名>月亮
<例句：诵明月之诗，歌窈窕之章。>
2、<名>时间单位，一年分为十二个月
<例句：数月之后，时时而间进。>
3、<名>月份
<例句：生孩六月，慈父见背。>
",0
7,所以修身也；去谗远色，贱货而贵德，所以劝贤也；尊其位，重其禄，同其好恶，所以劝亲亲也；官盛任使，所以劝大臣也；忠信重禄，所以劝士也；时使薄敛，所以劝百姓也；日省月试，【既】廪称事，所以劝百工也；送往迎来，嘉善而矜不能，所以柔远人也；继绝世，举废国，治乱持危,既,"1、<动>尽；完；终了
<例句：言未既，有笑于列者曰。>
2、<副>后来；不久
<例句：既，卫人赏之以邑。>
3、<副>已经，……以后
<例句：既罢，归国，以相如功大，拜为上卿。>
4、<副>全；都；皆
<例句：楚人既咎子兰以劝怀王入秦而不反也。>
5、<连>既然；既然是
<例句：既自以心为形役，奚惆怅而独悲。>
<例句：既来之，则安之。>
6、<连>与“且”、“又”、“亦”相呼应，表并列关系
<例句：有风既作飘摇之态，无风亦呈袅娜之姿。>
<例句：三军既惑且疑，则诸侯之难到矣。>
7、<副>通“即”，就；便
<例句：轲既取图奉之。>
",0
8,所以修身也；去谗远色，贱货而贵德，所以劝贤也；尊其位，重其禄，同其好恶，所以劝亲亲也；官盛任使，所以劝大臣也；忠信重禄，所以劝士也；时使薄敛，所以劝百姓也；日省月试，既廪称事，所以劝百工也；送【往】迎来，嘉善而矜不能，所以柔远人也；继绝世，举废国，治乱持危,往,"1、<动>去；到……去
<例句：譬如平地，虽覆一篑，进，吾往也。>
2、<副>过去；从前
<例句：悟已往之不见，知来者之可追。>
3、<副>以后；将来
<例句：其往欲何云。>
4、<动>去；到……去
<例句：譬如平地，虽覆一篑，进，吾往也。>
5、<副>过去；从前
<例句：悟已往之不见，知来者之可追。>
6、<副>以后；将来
<例句：其往欲何云。>
",1 0
9,所以修身也；去谗远色，贱货而贵德，所以劝贤也；尊其位，重其禄，同其好恶，所以劝亲亲也；官盛任使，所以劝大臣也；忠信重禄，所以劝士也；时使薄敛，所以劝百姓也；日省月试，既廪称事，所以劝百工也；送往迎【来】，嘉善而矜不能，所以柔远人也；继绝世，举废国，治乱持危,来,"1、<名>麦子
<例句：贻我来牟，帝命率育。>
2、<动>来到
<例句：谈笑有鸿儒，往来无白丁。>
3、<动使动>使……来；招致
<例句：将何以来远方之贤良？>
4、<形>将来的；未来的
<例句：将藏之于家，使来者读之，悲予志焉。>
5、<语助>以来，表示从过去某时到现在的一段时间
<例句：自李唐来，世人甚爱牡丹。>
6、<语助>无实义，相当于“咧”、“吧”
<例句：归去来兮，田园将芜胡不归？>
",2 0
10,所以修身也；去谗远色，贱货而贵德，所以劝贤也；尊其位，重其禄，同其好恶，所以劝亲亲也；官盛任使，所以劝大臣也；忠信重禄，所以劝士也；时使薄敛，所以劝百姓也；日省月试，既廪称事，所以劝百工也；送往迎来，嘉【善】而矜不能，所以柔远人也；继绝世，举废国，治乱持危,善,"1、<形>好；善良
<例句：择其善者而从之，其不善者而改之。>
<例句：愿无伐善，无施劳。>
<例句：晋鄙听，大善；不听，可使击之。>
2、<动>喜欢；羡慕
<例句：善万物之得时，感吾生之行休。>
<例句：罗敷善蚕桑，采桑城南隅。>
3、<形>表示赞许
<例句：王曰：‘善。’乃下令。>
4、<名>好的行为；长处
<例句：惟王君之心，岂爱人之善，虽一能为以废，而因为及其迹邪？>
<例句：一善易能也。>
5、<动>亲善；友好
<例句：楚左尹项伯者，项羽季父也，素善留侯张良。>
6、<动>善于；擅长
<例句：君子生非异也，善假于物也。>
<例句：陈康肃公尧咨善射。>
7、<副>好好地
<例句：愿得将军之首以献秦，秦王必喜而善见臣。>
8、<形>熟悉
<例句：我看着面善，心里就算是旧相识。>
9、<动>通“缮”
<例句：善刀而藏之。>
",1 0
11,凡【为】天下国家有九经，所以行之者一也,为,"1、做。
<例句：谁为大王为此计者。>
<例句：为之，则难者亦易矣；不为，则易者亦难矣。>
2、成为。
<例句：吾令人望其气，皆为龙虎，成五采。>
3、担任。
<例句：陈胜、吴广皆次当行，为屯长。>
<例句：公为都御史，与太监某守辽东。>
4、是，算是。
<例句：如今人方为刀俎，我为鱼肉。>
<例句：中峨冠而多髯者为东坡。>
<例句：若止印三二本，未为简易。>
5、通""谓""。可译为""说""。
<例句：孔子不能决也，两小儿笑曰：“孰为汝多知乎！”>
6、表被动。
<例句：吾属今为之虏矣。>
<例句：身客死于秦，为天下笑。>
<例句：焦仲卿妻刘氏，为促卿母所遣。>
7、给，替。
<例句：疱丁为文惠君解牛。>
<例句：旦日飨士卒，为击破沛公军！>
<例句：此人一一为具言所闻。（介词后面省略宾语""之""，""为之具言所闻""即给桃花园中的人详细地说出所听说的事情。>
8、向，对。
<例句：如姬为公子泣。>
<例句：媪之送燕后也，持其踵为之泣。>
9、因为。
<例句：百姓之不见保，为不用恩焉。>
<例句：盘庚不为怨者故改其度。>
10、语气词：位于句尾，表疑问、感叹、反诘，可译为""呢""。
<例句：何故怀瑾握瑜，而自令见放为？>
<例句：何辞为？>
11、介词：位于名词前，指某一事物通过某种目的成为另一种专有事物，可译为“作为”。
<例句：吕不韦乃以五百金与子楚，为进用，结宾客。>
",0
12,凡为天下国家有九经，所以行之【者】一也,者,"1、助词，主要有两种用法。一种是附在别的词或短语之后，组成名词性短语。
<例句：将藏之于家，使来者读之，悲予志焉。>
<例句：用叶者取叶初长足时，用芽者自从本说，用花者取花初敷时，用实者成实时采。>
2、""者""的另一种用法是放在一个词或一组词后边，起提顿作用，先用""……者""提出在说明的事物，稍微停顿一下，然后说明或论断。
<例句：大阉之乱，缙绅而能不易其志者，四海之大，有几人欤？>
<例句：古之让天子者，是去监门之养而离臣虏之劳也。>
3、""者""有时放在时间副词之后，起语助作用，可不译。
<例句：今者项庄拔剑舞，其意常在沛公也。>
4、""者""有时放在数词后边，可译为""个""""样""之类。
<例句：此数者用兵之患也，而操皆冒行之。>
",0
13,“凡事豫则【立】，不豫则废,立,"1、<动>站立；站着
<例句：茕茕孑立，形影相吊。>
2、<动>停立；停止
<例句：五马立踟蹰。>
3、<动>竖立；耸立
<例句：且立石于其墓之门。>
<例句：大石侧立千尺。>
4、<动>设立；建立；制定
<例句：人之立志，顾不如蜀鄙之僧哉。>
5、<动>存在；生存
<例句：孤与老贼势不两立。>
6、<动>登上帝王或诸侯的位置
<例句：陈涉乃立为王，号为张楚。>
7、<副>立刻；马上
<例句：沛公至军，立诛杀曹无伤。>
",0
14,在下【位】不获乎上，民不可得而治矣,位,"1、<名>位置；方位
<例句：阴阳易位，时不当兮。>
2、<名>官位；爵位
<例句：位卑则足羞，官盛则近谀。>
3、<名>位次；座位
<例句：位在廉颇之右。>
4、<名>特指帝王或诸侯之位
<例句：遂赐衣带诏，有朕位几不保，命康与四卿及同志设法筹救之语。>
5、<量>称人的敬辞
<例句：端的亏管营、差拨两位用心。>
",0
15,诚者不勉而中，不思而得，从容中道，圣【人】也,人,"1、<名>人类
<例句：夫天者，人之始也。>
2、<名>人民；众人
<例句：人之立志，顾不如蜀鄙之僧哉?>
<例句：非独贤者有是心也，人皆有之。>
3、<名>别人；他们
<例句：老吾老，以及人人之老。>
4、<名>人才；杰出的人物
<例句：子无谓秦无人，吾谋适不用也。>
5、<名>人品；人的品德操行
<例句：是其为人也，有粮者亦食，无粮者亦食。>
",1 0
16,诚之者，择善而固执之【者】也,者,"1、助词，主要有两种用法。一种是附在别的词或短语之后，组成名词性短语。
<例句：将藏之于家，使来者读之，悲予志焉。>
<例句：用叶者取叶初长足时，用芽者自从本说，用花者取花初敷时，用实者成实时采。>
2、""者""的另一种用法是放在一个词或一组词后边，起提顿作用，先用""……者""提出在说明的事物，稍微停顿一下，然后说明或论断。
<例句：大阉之乱，缙绅而能不易其志者，四海之大，有几人欤？>
<例句：古之让天子者，是去监门之养而离臣虏之劳也。>
3、""者""有时放在时间副词之后，起语助作用，可不译。
<例句：今者项庄拔剑舞，其意常在沛公也。>
4、""者""有时放在数词后边，可译为""个""""样""之类。
<例句：此数者用兵之患也，而操皆冒行之。>
",0
17,“【博】学之，审问之，慎思之，明辨之，笃行之,博,"1、<形>宽广；广博
<例句：君子博学而日参省乎己。>
2、<动>增广，开阔
<例句：参之《国语》以博其趣。>
3、<名>古代一种赌输赢的游戏
<例句：剧孟行大类朱家而好博。>
4、<动>赌博
<例句：博鸡者袁人，素无赖。>
5、<动>换取；求取
<例句：以博我一人之产业，曾不惨然。>
<例句：顾念蓄劣物终无所用，不如拚博一笑。>
",1 0
18,“博学之，审问之，慎思之，明【辨】之，笃行之,辨,"1、<动>分别；辨别
<例句：万钟不辨礼义而受之。>
<例句：又兔傍地走，安能辨我是雄雌。>
2、<动>通“辩”，辩论；申辩
<例句：故略上报，不复一一自辨。>
<例句：辦>
<例句：城郭不辨，沟池不抇。>
",
19,唯天下至诚，【为】能尽其性；能尽其性，则能尽人之性；能尽人之性，则能尽物之性；能尽物之性，则可以赞天地之化育；可以赞天地之化育，则可以与天地参矣,为,"1、做。
<例句：谁为大王为此计者。>
<例句：为之，则难者亦易矣；不为，则易者亦难矣。>
2、成为。
<例句：吾令人望其气，皆为龙虎，成五采。>
3、担任。
<例句：陈胜、吴广皆次当行，为屯长。>
<例句：公为都御史，与太监某守辽东。>
4、是，算是。
<例句：如今人方为刀俎，我为鱼肉。>
<例句：中峨冠而多髯者为东坡。>
<例句：若止印三二本，未为简易。>
5、通""谓""。可译为""说""。
<例句：孔子不能决也，两小儿笑曰：“孰为汝多知乎！”>
6、表被动。
<例句：吾属今为之虏矣。>
<例句：身客死于秦，为天下笑。>
<例句：焦仲卿妻刘氏，为促卿母所遣。>
7、给，替。
<例句：疱丁为文惠君解牛。>
<例句：旦日飨士卒，为击破沛公军！>
<例句：此人一一为具言所闻。（介词后面省略宾语""之""，""为之具言所闻""即给桃花园中的人详细地说出所听说的事情。>
8、向，对。
<例句：如姬为公子泣。>
<例句：媪之送燕后也，持其踵为之泣。>
9、因为。
<例句：百姓之不见保，为不用恩焉。>
<例句：盘庚不为怨者故改其度。>
10、语气词：位于句尾，表疑问、感叹、反诘，可译为""呢""。
<例句：何故怀瑾握瑜，而自令见放为？>
<例句：何辞为？>
11、介词：位于名词前，指某一事物通过某种目的成为另一种专有事物，可译为“作为”。
<例句：吕不韦乃以五百金与子楚，为进用，结宾客。>
",0
20,唯天下至诚，为能尽其性；【能】尽其性，则能尽人之性；能尽人之性，则能尽物之性；能尽物之性，则可以赞天地之化育；可以赞天地之化育，则可以与天地参矣,能,"1、<名>能力；才能
<例句：上官大夫与之同列，争宠而心害其能。>
2、<形>有能力
<例句：试用于昔日，先帝称之曰能。>
3、<名>有能力的人
<例句：招贤进能，显岩穴之士。>
4、<动>能够；能够达到
<例句：假舟楫也，非能水也，而绝江河。>
5、<动>及；达
<例句：盖余所及，比好游者尚不能十一。>
6、<代>通“恁”
<例句：南村群童欺我老无力，忍能对面为盗贼。>
7、<动>通“耐”
<例句：此物能寒，法当较今尤茂。>
",
21,唯天下至诚，为能尽其性；能尽其性，则能尽人之性；能尽人之性，则能尽物之性；能尽物之性，则可以赞天地之化育；可以赞天地之化育，【则】可以与天地参矣,则,"1、表示承接关系。一般用来连接两个分句或紧缩复句中的前后两层意思，表示两件事情在时间上、事理上的紧密联系。可译为""就""""便""，或译为""原来是""""已经是""。
<例句：项王曰：""壮士！--赐之卮酒。""则与斗卮酒。>
<例句：故木受绳则直，金就砺则利。>
<例句：徐而察之，则山下皆石穴罅。>
<例句：子灿寐而醒，客则鼾睡炕上矣。>
2、表示假设关系。有的用在前一分句，引出假设的情况，相当于""假使""""如果""；有的用于后面的分句，表示假设或推断的结果，相当于""那么""""就""。
<例句：向吾不为斯役，则久已病矣。>
3、。可译为""就"",或不译。
<例句：位卑则足羞，官盛则近谀。>
<例句：入则孝，出则悌。>
4、表示转折、让步关系。表示意思有转折时，""则""字用在后一分句，可译为""可是""""却""；表示姑且承认一件事，预备下句转入正意时，""则""字用在前一分句。可译为""虽然""""倒是""。
<例句：于其身也，则耻师焉，惑矣。>
<例句：其室则迩，其人甚远。>
5、副词。用在判断句中，起强调和确认作用，可译作""是""""就是""。
<例句：此则岳阳楼之大观也。>
<例句：非死则徙尔。>
",
22,其次致【曲】,曲,"1、<形>弯曲；不直
<例句：引以为流觞曲水，列坐其次。>
<例句：梅以曲为美，直则无姿。>
2、<名>偏僻之地
<例句：仆少负不羁之才，长无乡曲之誉。>
3、<形>不正派；不公正
<例句：谗谄之蔽明也，邪曲之害公也。>
4、<名>理屈；理亏
<例句：赵予壁而秦不予赵城，曲在秦。>
5、<名>乐曲
<例句：莫辞更坐弹一曲，为君翻作《琵琶行》。>
6、<名>韵文的一种文体
7、<形>弯曲；不直
<例句：引以为流觞曲水，列坐其次。>
<例句：梅以曲为美，直则无姿。>
8、<名>偏僻之地
<例句：仆少负不羁之才，长无乡曲之誉。>
9、<形>不正派；不公正
<例句：谗谄之蔽明也，邪曲之害公也。>
10、<名>理屈；理亏
<例句：赵予壁而秦不予赵城，曲在秦。>
11、<名>乐曲
<例句：莫辞更坐弹一曲，为君翻作《琵琶行》。>
12、<名>韵文的一种文体
",2 0
23,【曲】能有诚，诚则形，形则著，著则明，明则动，动则变，变则化,曲,"1、<形>弯曲；不直
<例句：引以为流觞曲水，列坐其次。>
<例句：梅以曲为美，直则无姿。>
2、<名>偏僻之地
<例句：仆少负不羁之才，长无乡曲之誉。>
3、<形>不正派；不公正
<例句：谗谄之蔽明也，邪曲之害公也。>
4、<名>理屈；理亏
<例句：赵予壁而秦不予赵城，曲在秦。>
5、<名>乐曲
<例句：莫辞更坐弹一曲，为君翻作《琵琶行》。>
6、<名>韵文的一种文体
7、<形>弯曲；不直
<例句：引以为流觞曲水，列坐其次。>
<例句：梅以曲为美，直则无姿。>
8、<名>偏僻之地
<例句：仆少负不羁之才，长无乡曲之誉。>
9、<形>不正派；不公正
<例句：谗谄之蔽明也，邪曲之害公也。>
10、<名>理屈；理亏
<例句：赵予壁而秦不予赵城，曲在秦。>
11、<名>乐曲
<例句：莫辞更坐弹一曲，为君翻作《琵琶行》。>
12、<名>韵文的一种文体
",2 0
24,唯天下至诚【为】能化,为,"1、做。
<例句：谁为大王为此计者。>
<例句：为之，则难者亦易矣；不为，则易者亦难矣。>
2、成为。
<例句：吾令人望其气，皆为龙虎，成五采。>
3、担任。
<例句：陈胜、吴广皆次当行，为屯长。>
<例句：公为都御史，与太监某守辽东。>
4、是，算是。
<例句：如今人方为刀俎，我为鱼肉。>
<例句：中峨冠而多髯者为东坡。>
<例句：若止印三二本，未为简易。>
5、通""谓""。可译为""说""。
<例句：孔子不能决也，两小儿笑曰：“孰为汝多知乎！”>
6、表被动。
<例句：吾属今为之虏矣。>
<例句：身客死于秦，为天下笑。>
<例句：焦仲卿妻刘氏，为促卿母所遣。>
7、给，替。
<例句：疱丁为文惠君解牛。>
<例句：旦日飨士卒，为击破沛公军！>
<例句：此人一一为具言所闻。（介词后面省略宾语""之""，""为之具言所闻""即给桃花园中的人详细地说出所听说的事情。>
8、向，对。
<例句：如姬为公子泣。>
<例句：媪之送燕后也，持其踵为之泣。>
9、因为。
<例句：百姓之不见保，为不用恩焉。>
<例句：盘庚不为怨者故改其度。>
10、语气词：位于句尾，表疑问、感叹、反诘，可译为""呢""。
<例句：何故怀瑾握瑜，而自令见放为？>
<例句：何辞为？>
11、介词：位于名词前，指某一事物通过某种目的成为另一种专有事物，可译为“作为”。
<例句：吕不韦乃以五百金与子楚，为进用，结宾客。>
",0
25,不息则久，久则【征】；征则悠远，悠远则博厚，博厚则高明,征,"1、<动>出征；远行
<例句：万里长征人未还。>
2、<动>征伐；征讨
<例句：挟天子以征四方。>
3、<动>征收；争夺
<例句：宣德间，宫尚促织之戏，岁征民间。>
<例句：为天下理财，不为征利。>
4、<名>赋税
<例句：什一，去关市之征。>
5、<动>征召
<例句：公车特征拜郎中。>
6、<动>追究
<例句：寡人是征。>
7、<名>证明
<例句：而其事信而有征。>
8、<名>迹象；预兆
<例句：兵未战先见败征。>
",
26,不息则久，久则征；【征】则悠远，悠远则博厚，博厚则高明,征,"1、<动>出征；远行
<例句：万里长征人未还。>
2、<动>征伐；征讨
<例句：挟天子以征四方。>
3、<动>征收；争夺
<例句：宣德间，宫尚促织之戏，岁征民间。>
<例句：为天下理财，不为征利。>
4、<名>赋税
<例句：什一，去关市之征。>
5、<动>征召
<例句：公车特征拜郎中。>
6、<动>追究
<例句：寡人是征。>
7、<名>证明
<例句：而其事信而有征。>
8、<名>迹象；预兆
<例句：兵未战先见败征。>
",8 0
27,博厚配地，高明配天，悠久【无】疆,无,"1、<动>没有
<例句：黔无驴，有好事者船载以入。>
2、<副>不；别
<例句：硕鼠硕鼠，无食我麦。>
3、<连>不论；无论
<例句：是故无贵无贱，无长无少，道之所存师之所存也。>
4、<形>贫穷；无资财
<例句：礼生于有而废于无。>
",
28,今夫天，斯【昭】昭之多，及其无穷也，日月星辰系焉，万物覆焉,昭,"1、<形>明显；显著
<例句：赖明君子信义昭彰，致达远冤。>
<例句：所以昭炯戒，激众愤，图报也。>
2、<动>表明
<例句：以昭陛下平明之理。>
",1 0
29,今夫天，斯昭【昭】之多，及其无穷也，日月星辰系焉，万物覆焉,昭,"1、<形>明显；显著
<例句：赖明君子信义昭彰，致达远冤。>
<例句：所以昭炯戒，激众愤，图报也。>
2、<动>表明
<例句：以昭陛下平明之理。>
",1 0
30,及其广厚，载华岳而不重，【振】河海而不泄，万物载焉,振,"1、<动>举；举起
<例句：振长策而御宇内。>
2、<动>抖动
<例句：新浴者必振衣。>
3、<动>奋起；振作
<例句：痿蹶而不复振。>
4、<动>整顿
<例句：诸侯春振旅，秋治兵，所以不忘战也。>
5、<动>通“赈”，救济
<例句：大命将泛，莫之振救。>
6、<动>通“震”，震动
<例句：如有地动，尊则振龙。>
7、<形>通“震”，惊恐
<例句：秦武阳色变振恐。>
8、<动>通“震”，威吓
<例句：振之以威怒。>
",0
31,及其广厚，载华岳而不重，振河海而不泄，【万】物载焉,万,"1、<数>十个一千
<例句：使齐军入魏地为十万灶，明日为五万灶，又明日为三万灶。>
2、<副>极；非常
<例句：无辞以白其大，且万无母子俱往理。>
3、<名>古代一种大型舞蹈的名字
<例句：九月，考仲子之宫，将万焉。>
4、<数>十个一千
<例句：使齐军入魏地为十万灶，明日为五万灶，又明日为三万灶。>
5、<副>极；非常
<例句：无辞以白其大，且万无母子俱往理。>
6、<名>古代一种大型舞蹈的名字
<例句：九月，考仲子之宫，将万焉。>
",
32,今夫山，一【卷】石之多，及其广大，草木生之，禽兽居之，宝藏兴焉，今夫水，一勺之多，及其不测，鼋、鼍、蛟龙、鱼鳖生焉，货财殖焉,卷,"1、<动>把东西卷裹成圆筒形
<例句：有席卷天下，包举宇内，囊括四海之意。>
2、<动>翻卷；掀起；裹起
<例句：乱石穿空，惊涛拍岸，卷起千堆雪。>
<例句：八月秋高风怒号，卷我屋上三重茅。>
3、<动>席卷；全部盗取或侵吞
<例句：他意欲卷了两家的银子逃去。>
4、<名>书卷；书籍
<例句：鲁直左手执卷末，右手指卷。>
5、<名>整部书的一部分
<例句：使北营，留北关外，为一卷。>
6、<量>表示文书、书籍的单位
<例句：军书十二卷。>
7、<名>试卷；考卷
<例句：呈卷，即而署第一。>
8、<动>把东西卷裹成圆筒形
<例句：有席卷天下，包举宇内，囊括四海之意。>
9、<动>翻卷；掀起；裹起
<例句：乱石穿空，惊涛拍岸，卷起千堆雪。>
<例句：八月秋高风怒号，卷我屋上三重茅。>
10、<动>席卷；全部盗取或侵吞
<例句：他意欲卷了两家的银子逃去。>
11、<名>书卷；书籍
<例句：鲁直左手执卷末，右手指卷。>
12、<名>整部书的一部分
<例句：使北营，留北关外，为一卷。>
13、<量>表示文书、书籍的单位
<例句：军书十二卷。>
14、<名>试卷；考卷
<例句：呈卷，即而署第一。>
15、<动>把东西卷裹成圆筒形
<例句：有席卷天下，包举宇内，囊括四海之意。>
16、<动>翻卷；掀起；裹起
<例句：乱石穿空，惊涛拍岸，卷起千堆雪。>
<例句：八月秋高风怒号，卷我屋上三重茅。>
17、<动>席卷；全部盗取或侵吞
<例句：他意欲卷了两家的银子逃去。>
18、<名>书卷；书籍
<例句：鲁直左手执卷末，右手指卷。>
19、<名>整部书的一部分
<例句：使北营，留北关外，为一卷。>
20、<量>表示文书、书籍的单位
<例句：军书十二卷。>
21、<名>试卷；考卷
<例句：呈卷，即而署第一。>
",0
33,【优】优大哉！礼仪三百，威仪三千,优,"1、<动>演戏
<例句：饮酒，且观优。>
2、<名>演戏的人
<例句：公之优曰施。>
3、<形>充足
<例句：故鱼鳖优而百姓有余用也。>
4、<形>良好
<例句：必能使行阵和睦，优劣得所。>
5、<形>犹豫不决
<例句：人君唯优与不敏为不可。>
",0
34,优【优】大哉！礼仪三百，威仪三千,优,"1、<动>演戏
<例句：饮酒，且观优。>
2、<名>演戏的人
<例句：公之优曰施。>
3、<形>充足
<例句：故鱼鳖优而百姓有余用也。>
4、<形>良好
<例句：必能使行阵和睦，优劣得所。>
5、<形>犹豫不决
<例句：人君唯优与不敏为不可。>
",
35,优优大哉！礼仪三百，【威】仪三千,威,"1、<名>威力；威势
<例句：遂破荆州，威震四海。>
2、<名>威严；尊严；威信
<例句：严大国之威以修敬也。>
3、<动>威慑；震慑
<例句：此教我先威众也。>
4、<动>通“畏”，使……害怕
<例句：赏赐不能喜，诛罚不能威。>
",0
36,故曰：苟不至德，至道不【凝】焉,凝,"1、<动>结冰
<例句：潮海阑干百丈冰，愁云惨淡万里凝。>
2、<动>凝固不动
<例句：冰泉冷涩弦凝绝。>
",0
37,极高明而道【中】庸,中,"1、<名>内；里
<例句：一屠晚归，担中肉尽。>
2、<名>中间；内部
<例句：有大石当中流。>
3、<形>半；一半
<例句：若中道而归，何异断斯织乎。>
4、<形>中等；不高，不低
<例句：上书谏寡人者，受中赏。>
5、<名>内心
<例句：深中隐厚。>
6、<名>中国
<例句：图画之设彩者，用水彩，中外所同也。>
7、<动>符合
<例句：木直中绳，輮以为轮，其曲中规。>
8、<动>射中
<例句：见其矢十中八九。>
9、<动>击中
<例句：乃引其匕首提秦王，不中。>
10、<动>考中
<例句：你恭喜中了举人。>
11、<动>猜中
<例句：射者中，弈者胜。>
12、<动>中伤
<例句：臧怒，欲中守法。>
13、<名>内；里
<例句：一屠晚归，担中肉尽。>
14、<名>中间；内部
<例句：有大石当中流。>
15、<形>半；一半
<例句：若中道而归，何异断斯织乎。>
16、<形>中等；不高，不低
<例句：上书谏寡人者，受中赏。>
17、<名>内心
<例句：深中隐厚。>
18、<名>中国
<例句：图画之设彩者，用水彩，中外所同也。>
19、<动>符合
<例句：木直中绳，輮以为轮，其曲中规。>
20、<动>射中
<例句：见其矢十中八九。>
21、<动>击中
<例句：乃引其匕首提秦王，不中。>
22、<动>考中
<例句：你恭喜中了举人。>
23、<动>猜中
<例句：射者中，弈者胜。>
24、<动>中伤
<例句：臧怒，欲中守法。>
",0
38,极高明而道中【庸】,庸,"1、<动>任用
<例句：王其无庸战。>
2、<动>受雇用
<例句：若为庸耕，何富贵也？>
3、<名>受雇用的人
<例句：泽居苦水者，买庸而决窦。>
4、<形>平庸
<例句：且庸人尚羞之，况于将相乎。>
5、<副>难道；岂
<例句：吾师道也，夫庸知其年之先后生于吾乎？>
",0
39,是故居上不骄，【为】下不倍；国有道，其言足以兴；国无道，其默足以容,为,"1、做。
<例句：谁为大王为此计者。>
<例句：为之，则难者亦易矣；不为，则易者亦难矣。>
2、成为。
<例句：吾令人望其气，皆为龙虎，成五采。>
3、担任。
<例句：陈胜、吴广皆次当行，为屯长。>
<例句：公为都御史，与太监某守辽东。>
4、是，算是。
<例句：如今人方为刀俎，我为鱼肉。>
<例句：中峨冠而多髯者为东坡。>
<例句：若止印三二本，未为简易。>
5、通""谓""。可译为""说""。
<例句：孔子不能决也，两小儿笑曰：“孰为汝多知乎！”>
6、表被动。
<例句：吾属今为之虏矣。>
<例句：身客死于秦，为天下笑。>
<例句：焦仲卿妻刘氏，为促卿母所遣。>
7、给，替。
<例句：疱丁为文惠君解牛。>
<例句：旦日飨士卒，为击破沛公军！>
<例句：此人一一为具言所闻。（介词后面省略宾语""之""，""为之具言所闻""即给桃花园中的人详细地说出所听说的事情。>
8、向，对。
<例句：如姬为公子泣。>
<例句：媪之送燕后也，持其踵为之泣。>
9、因为。
<例句：百姓之不见保，为不用恩焉。>
<例句：盘庚不为怨者故改其度。>
10、语气词：位于句尾，表疑问、感叹、反诘，可译为""呢""。
<例句：何故怀瑾握瑜，而自令见放为？>
<例句：何辞为？>
11、介词：位于名词前，指某一事物通过某种目的成为另一种专有事物，可译为“作为”。
<例句：吕不韦乃以五百金与子楚，为进用，结宾客。>
",0
40,是故居上不骄，为下不倍；国有道，其言足以兴；国无道，其默足以【容】,容,"1、<名>容量；容积
<例句：察表候以知命，犹察斗斛以知容矣。>
2、<动>容纳
<例句：方正之不容也。>
3、<动>宽容
<例句：不能容人者无亲。>
4、<动>容许；许可
<例句：亡奈何矣，姑容我入。>
5、<动>收容
<例句：或脱身以逃，不能容于远近。>
6、<名>面容；面貌
<例句：颜色憔悴，形容枯槁。>
7、<名>脸色；神色
<例句：整顿衣裳起敛容。>
8、<动>修饰面容；打扮
<例句：士为知己者死，女为悦己者容。>
",0
41,”其此之谓与！子曰：“愚而好自【用】，贱而好自专，生乎今之世，反古之道：如此者，灾及其身者也,用,"1、<动>使用
<例句：察邻国之政，无如寡人之用心也。>
2、<动>任用
<例句：忠不必用兮，贤不必以。>
3、<动>效力
<例句：吴广素爱人，士卒多为用者。>
4、<动>需要，多用于否定
<例句：木兰不用尚书郎。>
5、<名>才能
<例句：彼虽善是，其用不足称也。>
6、<名>资财
<例句：强本而节用。>
7、<名>用处；作用
<例句：此率民出于无用者，何至今不杀乎。>
8、<介>根据；凭
<例句：何用识夫婿。>
9、<介>因为；由于
<例句：非蛇蟮之穴无可寄托者，用心躁也。>
10、<介>在
<例句：古法采草药多用二月、八月，此殊未当。>
",0
42,”其此之谓与！子曰：“愚而好自用，贱而好自专，生乎今【之】世，反古之道：如此者，灾及其身者也,之,"1、指示代词，表近指。可译为""这""，通常作复指性定语。
<例句：均之二策。>
2、之间，可译为""的""，有的可不译。
<例句：若能以吴、越之众与中国抗衡。>
3、和补语之间，可译为""得""。
<例句：古人之观于天地、山川、草木、虫鱼、鸟兽，往往有得，以其求思之深而无不在也。>
4、 结构助词。当主谓短语在句中作主语、宾语或一个分句时，""之""用在主语和谓语之间，起取消句子独立性的作用，可不译。译时可省去。
<例句：师道之不传也久矣！欲人之无惑也难矣！>
<例句：悍吏之来吾乡，叫嚣乎东西。>
<例句：孤之有孔明，犹鱼之有水也。>
5、音节助词，用在形容词、副词或某些动词的末尾，或用在三个字之间，使之凑成四个字，只起调整音节的作用，无义，译时应省去。
<例句：顷之，烟炎张天。>
<例句：毛先生以三寸之舌，强于百万之师。>
<例句：久之，目似瞑，意暇甚>
",
43,子曰：“吾说【夏】礼，杞不足徵也,夏,"1、<名>四季的第二季
<例句：春耕，夏耘，秋获，冬藏。>
2、<名>我国古代对中原地区的称呼，也称“华夏”、“诸夏”
<例句：居楚而楚，居越而越，居夏而夏。>
3、<名>通“厦”，高大的房屋
<例句：曾不知夏之为丘兮。>
4、<名>朝代名
5、<名>四季的第二季
<例句：春耕，夏耘，秋获，冬藏。>
6、<名>我国古代对中原地区的称呼，也称“华夏”、“诸夏”
<例句：居楚而楚，居越而越，居夏而夏。>
7、<名>通“厦”，高大的房屋
<例句：曾不知夏之为丘兮。>
8、<名>朝代名
",0
44,子曰：“吾说夏礼，杞【不】足徵也,不,"1、<副>不,表一般否定
2、<副>没有,表存在的否定
<例句：今日出而从日中不决何也?>
3、<副>不是,表否定判断
<例句：又何往而不金玉其外败絮其中也哉。>
4、通“否”
5、<助>在句末表询问
<例句：秦王以十五城请易寡人之璧可予不?>
6、<副>用在句中表否定
<例句：不者若属皆为所虏。>
<例句：或师焉或不焉。>
",
45,子曰：“吾说夏礼，杞不足【徵】也,徵,"1、zhǐ<名>五音（宫、商、角、徵、羽）之一
<例句：闻徵者，使人乐善而好施。>
<例句：征>
2、zhǐ<名>五音（宫、商、角、徵、羽）之一
<例句：闻徵者，使人乐善而好施。>
<例句：征>
",0
46,吾学【殷】礼，有宋存焉,殷,"1、<形>众多
<例句：士与女殷其盈矣。>
2、<形>富裕
<例句：民殷国富而不知存恤。>
3、<形>情意深厚
<例句：书中情意甚殷。>
4、<名>红黑色
<例句：左轮朱殷。>
5、<动>震动
<例句：熊咆龙吟殷岩泉。>
6、<形>众多
<例句：士与女殷其盈矣。>
7、<形>富裕
<例句：民殷国富而不知存恤。>
8、<形>情意深厚
<例句：书中情意甚殷。>
9、<名>红黑色
<例句：左轮朱殷。>
10、<动>震动
<例句：熊咆龙吟殷岩泉。>
11、<形>众多
<例句：士与女殷其盈矣。>
12、<形>富裕
<例句：民殷国富而不知存恤。>
13、<形>情意深厚
<例句：书中情意甚殷。>
14、<名>红黑色
<例句：左轮朱殷。>
15、<动>震动
<例句：熊咆龙吟殷岩泉。>
",0
47,王天下有三【重】焉，其寡过矣乎！上焉者虽善无徵，无徵不信，不信民弗从；下焉者虽善不尊，不尊不信，不信民弗从,重,"1、<形>重，与“轻”相对
<例句：士不可以不弘毅，任重而道远。>
2、<形>重要；重大
<例句：则予此行所负之责任，尤倍重于三十年前。>
3、<动>重视；看重
<例句：商人重利轻别离。>
4、<形>贵重
<例句：不爱珍器重宝肥饶之地。>
5、<形>严重
<例句：情罪重者反出在外。>
6、<形>严格
<例句：古之君子，其责己也重以周。>
7、<形>庄重
<例句：君子不重则不威，学则不固。>
8、<动>尊重
<例句：此四君者，皆明智而忠信，宽厚而爱人，尊贤而重士。>
9、<副>更加；加重
<例句：见犯乃死，重辱国。>
10、<形>重叠
<例句：重岩叠嶂，隐天蔽日。>
11、<量>层
<例句：卷我屋上三重茅。>
12、<副>重新；再次
<例句：添酒回灯重开宴。>
13、<动>拖累；牵连
<例句：事发相重，岂不危哉。>
",2 0
48,王天下有三重焉，其寡过矣乎！上焉者虽善无【徵】，无徵不信，不信民弗从；下焉者虽善不尊，不尊不信，不信民弗从,徵,"1、zhǐ<名>五音（宫、商、角、徵、羽）之一
<例句：闻徵者，使人乐善而好施。>
<例句：征>
2、zhǐ<名>五音（宫、商、角、徵、羽）之一
<例句：闻徵者，使人乐善而好施。>
<例句：征>
",0
49,王天下有三重焉，其寡过矣乎！上焉者虽善无徵，无【徵】不信，不信民弗从；下焉者虽善不尊，不尊不信，不信民弗从,徵,"1、zhǐ<名>五音（宫、商、角、徵、羽）之一
<例句：闻徵者，使人乐善而好施。>
<例句：征>
2、zhǐ<名>五音（宫、商、角、徵、羽）之一
<例句：闻徵者，使人乐善而好施。>
<例句：征>
",0
50,王天下有三重焉，其寡过矣乎！上焉者虽善无徵，无徵不【信】，不信民弗从；下焉者虽善不尊，不尊不信，不信民弗从,信,"1、<形>言语真实；诚实
<例句：牺牲玉帛，弗敢加也，必以信。>
2、<形>实在的；真实的
<例句：呜呼！其信然邪？>
3、<副>确实；的确
<例句：闻之，一人飞升，仙及鸡犬，信夫！。>
4、<动>相信；信任
<例句：成述其异，宰不信。>
5、<名>信用
<例句：则直前诟虏帅失信。>
6、<动>讲信用
<例句：信者效其忠。>
7、<名>信物；凭证
<例句：是皆不足以执信也。>
8、<名>使者；送信的人
<例句：自可断来信，徐徐更谓之。>
9、<名>消息；音讯
<例句：长天茫茫，信耗莫通。>
10、<名>快信；信件
<例句：弟于内家信中写明，不劳吾兄多虑。>
11、<动>任随；随意
<例句：低眉信手续续弹。>
12、<动>通“伸”
<例句：狼欣然从之，信足先生。>
13、<形>言语真实；诚实
<例句：牺牲玉帛，弗敢加也，必以信。>
14、<形>实在的；真实的
<例句：呜呼！其信然邪？>
15、<副>确实；的确
<例句：闻之，一人飞升，仙及鸡犬，信夫！。>
16、<动>相信；信任
<例句：成述其异，宰不信。>
17、<名>信用
<例句：则直前诟虏帅失信。>
18、<动>讲信用
<例句：信者效其忠。>
19、<名>信物；凭证
<例句：是皆不足以执信也。>
20、<名>使者；送信的人
<例句：自可断来信，徐徐更谓之。>
21、<名>消息；音讯
<例句：长天茫茫，信耗莫通。>
22、<名>快信；信件
<例句：弟于内家信中写明，不劳吾兄多虑。>
23、<动>任随；随意
<例句：低眉信手续续弹。>
24、<动>通“伸”
<例句：狼欣然从之，信足先生。>
",4 0
51,王天下有三重焉，其寡过矣乎！上焉者虽善无徵，无徵不信，不【信】民弗从；下焉者虽善不尊，不尊不信，不信民弗从,信,"1、<形>言语真实；诚实
<例句：牺牲玉帛，弗敢加也，必以信。>
2、<形>实在的；真实的
<例句：呜呼！其信然邪？>
3、<副>确实；的确
<例句：闻之，一人飞升，仙及鸡犬，信夫！。>
4、<动>相信；信任
<例句：成述其异，宰不信。>
5、<名>信用
<例句：则直前诟虏帅失信。>
6、<动>讲信用
<例句：信者效其忠。>
7、<名>信物；凭证
<例句：是皆不足以执信也。>
8、<名>使者；送信的人
<例句：自可断来信，徐徐更谓之。>
9、<名>消息；音讯
<例句：长天茫茫，信耗莫通。>
10、<名>快信；信件
<例句：弟于内家信中写明，不劳吾兄多虑。>
11、<动>任随；随意
<例句：低眉信手续续弹。>
12、<动>通“伸”
<例句：狼欣然从之，信足先生。>
13、<形>言语真实；诚实
<例句：牺牲玉帛，弗敢加也，必以信。>
14、<形>实在的；真实的
<例句：呜呼！其信然邪？>
15、<副>确实；的确
<例句：闻之，一人飞升，仙及鸡犬，信夫！。>
16、<动>相信；信任
<例句：成述其异，宰不信。>
17、<名>信用
<例句：则直前诟虏帅失信。>
18、<动>讲信用
<例句：信者效其忠。>
19、<名>信物；凭证
<例句：是皆不足以执信也。>
20、<名>使者；送信的人
<例句：自可断来信，徐徐更谓之。>
21、<名>消息；音讯
<例句：长天茫茫，信耗莫通。>
22、<名>快信；信件
<例句：弟于内家信中写明，不劳吾兄多虑。>
23、<动>任随；随意
<例句：低眉信手续续弹。>
24、<动>通“伸”
<例句：狼欣然从之，信足先生。>
",4 0
52,王天下有三重焉，其寡过矣乎！上焉者虽善无徵，无徵不信，不信民弗从；下焉者虽善不尊，不尊不【信】，不信民弗从,信,"1、<形>言语真实；诚实
<例句：牺牲玉帛，弗敢加也，必以信。>
2、<形>实在的；真实的
<例句：呜呼！其信然邪？>
3、<副>确实；的确
<例句：闻之，一人飞升，仙及鸡犬，信夫！。>
4、<动>相信；信任
<例句：成述其异，宰不信。>
5、<名>信用
<例句：则直前诟虏帅失信。>
6、<动>讲信用
<例句：信者效其忠。>
7、<名>信物；凭证
<例句：是皆不足以执信也。>
8、<名>使者；送信的人
<例句：自可断来信，徐徐更谓之。>
9、<名>消息；音讯
<例句：长天茫茫，信耗莫通。>
10、<名>快信；信件
<例句：弟于内家信中写明，不劳吾兄多虑。>
11、<动>任随；随意
<例句：低眉信手续续弹。>
12、<动>通“伸”
<例句：狼欣然从之，信足先生。>
13、<形>言语真实；诚实
<例句：牺牲玉帛，弗敢加也，必以信。>
14、<形>实在的；真实的
<例句：呜呼！其信然邪？>
15、<副>确实；的确
<例句：闻之，一人飞升，仙及鸡犬，信夫！。>
16、<动>相信；信任
<例句：成述其异，宰不信。>
17、<名>信用
<例句：则直前诟虏帅失信。>
18、<动>讲信用
<例句：信者效其忠。>
19、<名>信物；凭证
<例句：是皆不足以执信也。>
20、<名>使者；送信的人
<例句：自可断来信，徐徐更谓之。>
21、<名>消息；音讯
<例句：长天茫茫，信耗莫通。>
22、<名>快信；信件
<例句：弟于内家信中写明，不劳吾兄多虑。>
23、<动>任随；随意
<例句：低眉信手续续弹。>
24、<动>通“伸”
<例句：狼欣然从之，信足先生。>
",4 0
53,王天下有三重焉，其寡过矣乎！上焉者虽善无徵，无徵不信，不信民弗从；下焉者虽善不尊，不尊不信，不【信】民弗从,信,"1、<形>言语真实；诚实
<例句：牺牲玉帛，弗敢加也，必以信。>
2、<形>实在的；真实的
<例句：呜呼！其信然邪？>
3、<副>确实；的确
<例句：闻之，一人飞升，仙及鸡犬，信夫！。>
4、<动>相信；信任
<例句：成述其异，宰不信。>
5、<名>信用
<例句：则直前诟虏帅失信。>
6、<动>讲信用
<例句：信者效其忠。>
7、<名>信物；凭证
<例句：是皆不足以执信也。>
8、<名>使者；送信的人
<例句：自可断来信，徐徐更谓之。>
9、<名>消息；音讯
<例句：长天茫茫，信耗莫通。>
10、<名>快信；信件
<例句：弟于内家信中写明，不劳吾兄多虑。>
11、<动>任随；随意
<例句：低眉信手续续弹。>
12、<动>通“伸”
<例句：狼欣然从之，信足先生。>
13、<形>言语真实；诚实
<例句：牺牲玉帛，弗敢加也，必以信。>
14、<形>实在的；真实的
<例句：呜呼！其信然邪？>
15、<副>确实；的确
<例句：闻之，一人飞升，仙及鸡犬，信夫！。>
16、<动>相信；信任
<例句：成述其异，宰不信。>
17、<名>信用
<例句：则直前诟虏帅失信。>
18、<动>讲信用
<例句：信者效其忠。>
19、<名>信物；凭证
<例句：是皆不足以执信也。>
20、<名>使者；送信的人
<例句：自可断来信，徐徐更谓之。>
21、<名>消息；音讯
<例句：长天茫茫，信耗莫通。>
22、<名>快信；信件
<例句：弟于内家信中写明，不劳吾兄多虑。>
23、<动>任随；随意
<例句：低眉信手续续弹。>
24、<动>通“伸”
<例句：狼欣然从之，信足先生。>
",4 0
54,故君子之道：【本】诸身，徵诸庶民，考诸三王而不缪，建诸天地而不悖，质诸鬼神而无疑，百世以俟圣人而不惑,本,"1、<名>草木的根
<例句：臣闻求木之长者必固其根本。>
2、<名>树木的干
<例句：摇其本以观其疏密。>
3、<名>根本;基础
<例句：王欲行之刎盍反其本矣。>
4、<名>指农业
<例句：今背本而趋末食者甚众。>
5、<名>本源;根源
<例句：为是者有本有原怠与忌之谓也。>
6、<动>依照;依据
<例句：虽理想派之作亦先有本乃增损而润色之。>
7、<动>堆原,考察
<例句：抑本其成败之迹而皆自于人欤?>
8、<形>本来的,原来的
<例句：此之谓失其本心。>
9、<副>本来;原来
<例句：本在冀州之南河阳之北。>
<例句：本自无教训兼愧贵家子。>
10、<名>本钱
<例句：子本相侔则没为奴婢。>
11、<形>这里的;自己的
<例句：用芽者自从本说。>
12、<名>版本;底本
<例句：已后典籍皆为板本。>
13、<名>臣下给皇帝的奏章或书信
<例句：是无难别具本章。>
14、<量>株;棵
<例句：令口种一树榆百本薤五十本葱一畦韭。>
15、<量>书籍的一册
<例句：若止印三二本未为简易。>
",3 0
55,故君子之道：本诸身，【徵】诸庶民，考诸三王而不缪，建诸天地而不悖，质诸鬼神而无疑，百世以俟圣人而不惑,徵,"1、zhǐ<名>五音（宫、商、角、徵、羽）之一
<例句：闻徵者，使人乐善而好施。>
<例句：征>
2、zhǐ<名>五音（宫、商、角、徵、羽）之一
<例句：闻徵者，使人乐善而好施。>
<例句：征>
",0
56,故君子之道：本诸身，徵诸庶民，考诸三王而不【缪】，建诸天地而不悖，质诸鬼神而无疑，百世以俟圣人而不惑,缪,"1、<名>十捆麻
<例句：缪，枲之十絜也。>
2、<形>缠绵，见“绸缪”
<例句：为赵宦者令缪贤舍人。>
3、<名>十捆麻
<例句：缪，枲之十絜也。>
4、<形>缠绵，见“绸缪”
<例句：为赵宦者令缪贤舍人。>
5、<名>十捆麻
<例句：缪，枲之十絜也。>
6、<形>缠绵，见“绸缪”
<例句：为赵宦者令缪贤舍人。>
",0
57,是故君子动而世为天下道，行而世为天下法，言而世为天下【则】,则,"1、表示承接关系。一般用来连接两个分句或紧缩复句中的前后两层意思，表示两件事情在时间上、事理上的紧密联系。可译为""就""""便""，或译为""原来是""""已经是""。
<例句：项王曰：""壮士！--赐之卮酒。""则与斗卮酒。>
<例句：故木受绳则直，金就砺则利。>
<例句：徐而察之，则山下皆石穴罅。>
<例句：子灿寐而醒，客则鼾睡炕上矣。>
2、表示假设关系。有的用在前一分句，引出假设的情况，相当于""假使""""如果""；有的用于后面的分句，表示假设或推断的结果，相当于""那么""""就""。
<例句：向吾不为斯役，则久已病矣。>
3、。可译为""就"",或不译。
<例句：位卑则足羞，官盛则近谀。>
<例句：入则孝，出则悌。>
4、表示转折、让步关系。表示意思有转折时，""则""字用在后一分句，可译为""可是""""却""；表示姑且承认一件事，预备下句转入正意时，""则""字用在前一分句。可译为""虽然""""倒是""。
<例句：于其身也，则耻师焉，惑矣。>
<例句：其室则迩，其人甚远。>
5、副词。用在判断句中，起强调和确认作用，可译作""是""""就是""。
<例句：此则岳阳楼之大观也。>
<例句：非死则徙尔。>
",0
58,《诗》曰：“在彼无恶，在此无【射】,射,"1、<动>射箭；用弓射击
<例句：亲射虎，看孙郎。>
2、<动>喷射
<例句：含沙射流影，吹蛊痛行晖。>
3、<动>照射
<例句：光由隙中下射，宛如钩月。>
4、<动>猜度；猜谜
<例句：宴酣之乐，非丝非竹，射者中，弈者胜。>
5、<动>追求；谋求
<例句：自负高才，昧于荣利，乘时射势，颇累清淡。>
6、中国古代音乐十二律之一
7、中国春秋时景王所铸钟名
8、<动>射箭；用弓射击
<例句：亲射虎，看孙郎。>
9、<动>喷射
<例句：含沙射流影，吹蛊痛行晖。>
10、<动>照射
<例句：光由隙中下射，宛如钩月。>
11、<动>猜度；猜谜
<例句：宴酣之乐，非丝非竹，射者中，弈者胜。>
12、<动>追求；谋求
<例句：自负高才，昧于荣利，乘时射势，颇累清淡。>
13、中国古代音乐十二律之一
14、中国春秋时景王所铸钟名
15、<动>射箭；用弓射击
<例句：亲射虎，看孙郎。>
16、<动>喷射
<例句：含沙射流影，吹蛊痛行晖。>
17、<动>照射
<例句：光由隙中下射，宛如钩月。>
18、<动>猜度；猜谜
<例句：宴酣之乐，非丝非竹，射者中，弈者胜。>
19、<动>追求；谋求
<例句：自负高才，昧于荣利，乘时射势，颇累清淡。>
20、中国古代音乐十二律之一
21、中国春秋时景王所铸钟名
",0
59,庶几夙夜，以【永】终誉！”君子未有不如此而蚤有誉于天下者也,永,"1、<形>水流长
<例句：江之永矣。>
2、<形>长
<例句：日永星火。>
3、<副>永远
<例句：虽与府吏要，渠会永无缘。>
4、<动>长声吟诵；歌唱
<例句：咏>
<例句：诗言志，歌永言。>
",3 0
60,庶几夙夜，以永终誉！”君子未有不如此而蚤有誉【于】天下者也,于,"1、放在形容词之后，表示比较，一般可译为""比""。有时可译为""胜过""。
<例句：良曰：""长于臣""。>
<例句：冰，水为之，而寒于水。>
2、有时则只是表示对象的性质和状态，可不译。
<例句：非常之谋难于猝发……>
3、""受""等字和它相应。
<例句：或脱身以逃，不能容于远近……>
<例句：臣诚恐见欺于王而负赵……>
<例句：吾不能举全吴之地，十万之众，受制于人……>
4、放在句子开头，表前后的承接或因果关系，与承接连词或因果连词相同。现代汉语也这样用。
<例句：于是秦王不悦，为击缻。>
<例句：吴之民方痛心焉，于是乘其厉声以呵，则噪而相逐。>
",0
61,仲尼祖述尧舜，宪章文武：上【律】天时，下袭水土,律,"1、<名>法律；法令
<例句：罪祸有律，莫得轻重威不分。>
<例句：命萧何次律令。>
2、<名>规则
<例句：兵大律在谨。>
<例句：晚节渐于诗律细。>
3、<名>古代音乐中用来正音的一种竹管
<例句：擢乱六律。>
<例句：律十有二，阳六为律，阴六为吕。>
",2 0
62,见而民莫不【敬】，言而民莫不信，行而民莫不说,敬,"1、<形>严肃；慎重
<例句：君子敬而无失，与人恭而有礼。>
2、<动>严肃慎重地对待
<例句：忧懈台则思慎始而敬终。>
3、<动>尊敬；敬重
<例句：北虽貌敬，实则愤怒。>
4、<名>敬意
<例句：严大国之威以修敬也。>
5、<形>恭敬
<例句：公子使客斩其仇头，敬进如姬。>
",
63,唯天下至诚，【为】能经纶天下之大经，立天下之大本，知天地之化育,为,"1、做。
<例句：谁为大王为此计者。>
<例句：为之，则难者亦易矣；不为，则易者亦难矣。>
2、成为。
<例句：吾令人望其气，皆为龙虎，成五采。>
3、担任。
<例句：陈胜、吴广皆次当行，为屯长。>
<例句：公为都御史，与太监某守辽东。>
4、是，算是。
<例句：如今人方为刀俎，我为鱼肉。>
<例句：中峨冠而多髯者为东坡。>
<例句：若止印三二本，未为简易。>
5、通""谓""。可译为""说""。
<例句：孔子不能决也，两小儿笑曰：“孰为汝多知乎！”>
6、表被动。
<例句：吾属今为之虏矣。>
<例句：身客死于秦，为天下笑。>
<例句：焦仲卿妻刘氏，为促卿母所遣。>
7、给，替。
<例句：疱丁为文惠君解牛。>
<例句：旦日飨士卒，为击破沛公军！>
<例句：此人一一为具言所闻。（介词后面省略宾语""之""，""为之具言所闻""即给桃花园中的人详细地说出所听说的事情。>
8、向，对。
<例句：如姬为公子泣。>
<例句：媪之送燕后也，持其踵为之泣。>
9、因为。
<例句：百姓之不见保，为不用恩焉。>
<例句：盘庚不为怨者故改其度。>
10、语气词：位于句尾，表疑问、感叹、反诘，可译为""呢""。
<例句：何故怀瑾握瑜，而自令见放为？>
<例句：何辞为？>
11、介词：位于名词前，指某一事物通过某种目的成为另一种专有事物，可译为“作为”。
<例句：吕不韦乃以五百金与子楚，为进用，结宾客。>
",0
64,唯天下至诚，为能经【纶】天下之大经，立天下之大本，知天地之化育,纶,"1、<名>青丝绶带
<例句：王言如丝，其出如纶。>
2、<名>钓丝
<例句：翠纶桂饵，反所以失鱼。>
<例句：纶巾>
3、<名>青丝绶带
<例句：王言如丝，其出如纶。>
4、<名>钓丝
<例句：翠纶桂饵，反所以失鱼。>
<例句：纶巾>
",0
65,唯天下至诚，为能经纶天下之大【经】，立天下之大本，知天地之化育,经,"1、<名>织物的纵线，与“纬”相对
<例句：皆言边幅好，自爱经纬密。>
2、<名>经络；经脉
<例句：技经肯綮之未尝，而况大畖乎？>
3、<名>经典；经书
<例句：六艺经传皆通习之。>
<例句：辛苦遭逢起一经。>
4、<名>我国古代图书四大类别之一，以儒学经传著术为主，与“史”、“子”、“集”相对
<例句：诸子及经史多所涉猎。>
5、<名>分界；界线
<例句：是非之经，不可不分。>
6、<动>上吊；缢
<例句：经其颈于树枝。>
7、<动>经过；经历
<例句：既窈窕以寻壑，亦崎岖而经丘。>
8、<动>治理
<例句：礼，经国家，定社稷。>
9、<名>织物的纵线，与“纬”相对
<例句：皆言边幅好，自爱经纬密。>
10、<名>经络；经脉
<例句：技经肯綮之未尝，而况大畖乎？>
11、<名>经典；经书
<例句：六艺经传皆通习之。>
<例句：辛苦遭逢起一经。>
12、<名>我国古代图书四大类别之一，以儒学经传著术为主，与“史”、“子”、“集”相对
<例句：诸子及经史多所涉猎。>
13、<名>分界；界线
<例句：是非之经，不可不分。>
14、<动>上吊；缢
<例句：经其颈于树枝。>
15、<动>经过；经历
<例句：既窈窕以寻壑，亦崎岖而经丘。>
16、<动>治理
<例句：礼，经国家，定社稷。>
",0
66,唯天下至诚，为能经纶天下之大经，立天下之大【本】，知天地之化育,本,"1、<名>草木的根
<例句：臣闻求木之长者必固其根本。>
2、<名>树木的干
<例句：摇其本以观其疏密。>
3、<名>根本;基础
<例句：王欲行之刎盍反其本矣。>
4、<名>指农业
<例句：今背本而趋末食者甚众。>
5、<名>本源;根源
<例句：为是者有本有原怠与忌之谓也。>
6、<动>依照;依据
<例句：虽理想派之作亦先有本乃增损而润色之。>
7、<动>堆原,考察
<例句：抑本其成败之迹而皆自于人欤?>
8、<形>本来的,原来的
<例句：此之谓失其本心。>
9、<副>本来;原来
<例句：本在冀州之南河阳之北。>
<例句：本自无教训兼愧贵家子。>
10、<名>本钱
<例句：子本相侔则没为奴婢。>
11、<形>这里的;自己的
<例句：用芽者自从本说。>
12、<名>版本;底本
<例句：已后典籍皆为板本。>
13、<名>臣下给皇帝的奏章或书信
<例句：是无难别具本章。>
14、<量>株;棵
<例句：令口种一树榆百本薤五十本葱一畦韭。>
15、<量>书籍的一册
<例句：若止印三二本未为简易。>
",0
67,夫焉有所倚？肫肫其仁！渊渊【其】渊！浩浩其天！苟不固聪明圣知达天德者，其孰能知之？《诗》曰：“衣锦尚絅”，恶其文之著也,其,"2、第三人称代词。一般代人，用在动词或形容词之前，作主谓短语中的小主语。
<例句：秦王恐其破璧（《廉颇蔺相如列传》）""其破璧""作宾语）\n>
3、的""。
<例句：今肃迎操，操当以肃还付乡党，品其名位，犹不失下曹从事。>
<例句：而余亦悔其随之而不得极夫游之乐也。>
4、指示代词，表远指。作定语，可译为""那""""那个""""那些""""那里""。
<例句：则或咎其欲出者。>
<例句：今操得荆州，奄有其地。>
5、指示代词，表示""其中的""，后面多为数词。
<例句：于乱石间择其一二扣之。>
6、指示代词，表示近指，相当于“这”，“这个”，“这些”。
<例句：有蒋氏者，专其利三世矣。>
",
68,夫焉有所倚？肫肫其仁！渊渊其渊！浩浩其天！苟不固聪明圣知达天德者，其孰能知之？《诗》曰：“衣锦【尚】絅”，恶其文之著也,尚,"1、<动>尊崇；崇尚；爱好
<例句：臣欲使士大夫尊尚武勇。>
<例句：宣德间，宫中尚促织之戏。>
2、<动>高出；超出
<例句：好仁者无以尚之。>
3、<动>与地位比自己高的人婚配
<例句：平阳侯曹寿尚武帝妹阳信长公主。>
4、<形>自高自大
<例句：虽才高于世，而无骄尚之情。>
5、<副>尚且
<例句：臣以为布衣之交尚不相欺，况大国乎？>
6、<副>还
<例句：盖余所至，比好游者尚不能十一，然视其左右，来而记之者已少。>
",0
69,故君子之道，暗然而【日】章；小人之道，的然而日亡,日,"1、<名>太阳
<例句：夸父与日逐走。>
2、<名>白昼；白天
<例句：此臣日夜切齿拊心也。>
3、<名>一昼夜；一天
<例句：尝一日千里，不忍杀之。>
4、<名>日子；时间
<例句：待到重阳日，还来就菊花。>
5、<名>往日；从前
<例句：日君乏使，使臣斯司马。>
6、<名>他日；以后的某一天
<例句：日以偕来，吾与若俱观之。>
",0
70,故君子之道，暗然而日章；小人之道，的然而【日】亡,日,"1、<名>太阳
<例句：夸父与日逐走。>
2、<名>白昼；白天
<例句：此臣日夜切齿拊心也。>
3、<名>一昼夜；一天
<例句：尝一日千里，不忍杀之。>
4、<名>日子；时间
<例句：待到重阳日，还来就菊花。>
5、<名>往日；从前
<例句：日君乏使，使臣斯司马。>
6、<名>他日；以后的某一天
<例句：日以偕来，吾与若俱观之。>
",0
71,君子之道：淡而面不厌，简而文，温而【理】，知远之近，知风之自，知微之显，可与入德矣,理,"1、<动>雕琢、加工玉石
<例句：王乃使玉人理其璞而得宝焉。>
2、<动>治理；管理
<例句：于理于理，至于南海。>
3、<动>料理；整理；整顿
<例句：为天下理财，不为征利。>
4、<形>清明；安定；治理得好
<例句：上下肃然，称为政理。>
5、<名>道理；规律；原则；法则
<例句：兰芝仰头答：理实如兄言。>
<例句：胜负之数，存亡之理。>
<例句：自然之理也。>
6、<名>义理
<例句：其文理皆有可观者。>
7、<名>纹理；纹路；条理
<例句：依乎天理。>
8、<名>法官；刑狱官署
<例句：遂下于理。>
",7 0
72,君子之道：淡而面不厌，简而文，温而理，知远【之】近，知风之自，知微之显，可与入德矣,之,"1、指示代词，表近指。可译为""这""，通常作复指性定语。
<例句：均之二策。>
2、之间，可译为""的""，有的可不译。
<例句：若能以吴、越之众与中国抗衡。>
3、和补语之间，可译为""得""。
<例句：古人之观于天地、山川、草木、虫鱼、鸟兽，往往有得，以其求思之深而无不在也。>
4、 结构助词。当主谓短语在句中作主语、宾语或一个分句时，""之""用在主语和谓语之间，起取消句子独立性的作用，可不译。译时可省去。
<例句：师道之不传也久矣！欲人之无惑也难矣！>
<例句：悍吏之来吾乡，叫嚣乎东西。>
<例句：孤之有孔明，犹鱼之有水也。>
5、音节助词，用在形容词、副词或某些动词的末尾，或用在三个字之间，使之凑成四个字，只起调整音节的作用，无义，译时应省去。
<例句：顷之，烟炎张天。>
<例句：毛先生以三寸之舌，强于百万之师。>
<例句：久之，目似瞑，意暇甚>
",0
73,君子之道：淡而面不厌，简而文，温而理，知远之近，知风【之】自，知微之显，可与入德矣,之,"1、指示代词，表近指。可译为""这""，通常作复指性定语。
<例句：均之二策。>
2、之间，可译为""的""，有的可不译。
<例句：若能以吴、越之众与中国抗衡。>
3、和补语之间，可译为""得""。
<例句：古人之观于天地、山川、草木、虫鱼、鸟兽，往往有得，以其求思之深而无不在也。>
4、 结构助词。当主谓短语在句中作主语、宾语或一个分句时，""之""用在主语和谓语之间，起取消句子独立性的作用，可不译。译时可省去。
<例句：师道之不传也久矣！欲人之无惑也难矣！>
<例句：悍吏之来吾乡，叫嚣乎东西。>
<例句：孤之有孔明，犹鱼之有水也。>
5、音节助词，用在形容词、副词或某些动词的末尾，或用在三个字之间，使之凑成四个字，只起调整音节的作用，无义，译时应省去。
<例句：顷之，烟炎张天。>
<例句：毛先生以三寸之舌，强于百万之师。>
<例句：久之，目似瞑，意暇甚>
",0
74,君子之道：淡而面不厌，简而文，温而理，知远之近，知风之自，知微【之】显，可与入德矣,之,"1、指示代词，表近指。可译为""这""，通常作复指性定语。
<例句：均之二策。>
2、之间，可译为""的""，有的可不译。
<例句：若能以吴、越之众与中国抗衡。>
3、和补语之间，可译为""得""。
<例句：古人之观于天地、山川、草木、虫鱼、鸟兽，往往有得，以其求思之深而无不在也。>
4、 结构助词。当主谓短语在句中作主语、宾语或一个分句时，""之""用在主语和谓语之间，起取消句子独立性的作用，可不译。译时可省去。
<例句：师道之不传也久矣！欲人之无惑也难矣！>
<例句：悍吏之来吾乡，叫嚣乎东西。>
<例句：孤之有孔明，犹鱼之有水也。>
5、音节助词，用在形容词、副词或某些动词的末尾，或用在三个字之间，使之凑成四个字，只起调整音节的作用，无义，译时应省去。
<例句：顷之，烟炎张天。>
<例句：毛先生以三寸之舌，强于百万之师。>
<例句：久之，目似瞑，意暇甚>
",0
75,《诗》曰：“奏【假】无言，时靡有争,假,"1、<动>借；贷
<例句：以是人多以书假余，余因得遍观群书。>
2、<动>凭借；借助
<例句：君子生非异也，善假于物也。>
3、<动>用；须
<例句：将军之所知，不假仆一二谈也。>
4、<动>给予
<例句：汉人未可假大兵权。>
5、<形>非正式的；代理的
<例句：乃相与共立项羽为假上将军。>
6、<形>虚假的；假的
<例句：那里去辨甚么真共假?>
7、<动>假装；装作
<例句：乃悟前狼假寐，盖以诱敌。>
8、<连>假使；假如
<例句：仆自卜固无取，假令有取，亦不敢为人师。>
9、<名>假期
<例句：府吏闻此变，因求假暂归。>
10、<名>通“暇”，空闲时间
<例句：岂急于富贵未假度者耶?>
11、<形>通“遐”
<例句：世以为登假焉。>
12、<动>借；贷
<例句：以是人多以书假余，余因得遍观群书。>
13、<动>凭借；借助
<例句：君子生非异也，善假于物也。>
14、<动>用；须
<例句：将军之所知，不假仆一二谈也。>
15、<动>给予
<例句：汉人未可假大兵权。>
16、<形>非正式的；代理的
<例句：乃相与共立项羽为假上将军。>
17、<形>虚假的；假的
<例句：那里去辨甚么真共假?>
18、<动>假装；装作
<例句：乃悟前狼假寐，盖以诱敌。>
19、<连>假使；假如
<例句：仆自卜固无取，假令有取，亦不敢为人师。>
20、<名>假期
<例句：府吏闻此变，因求假暂归。>
21、<名>通“暇”，空闲时间
<例句：岂急于富贵未假度者耶?>
22、<形>通“遐”
<例句：世以为登假焉。>
",0
76,《诗》曰：“奏假无【言】，时靡有争,言,"1、<动>说；谈论
<例句：此人一一为具言所闻。>
<例句：吾能弭谤矣，乃不敢言。>
2、<名>言语；言论
<例句：至军中，具以沛公言报项王。>
<例句：王不听，于国人莫敢出言，三年，乃流王于彘。>
3、<名>一字为一言
<例句：因为长句，歌以赠之，凡六百一十六言。>
4、<名>一句为言
<例句：今吾且死，而侯生曾无一言半辞送我，我岂有所失哉？>
5、<名>著作；书籍
<例句：焚百家之言，以愚黔首。>
6、<助>无实在意义
<例句：世与我相违，复驾言兮焉求？>
7、词缀，多用于动词之前
<例句：既盟之后，言归于好。>
",0
77,《诗》曰：“奏假无言，时靡有【争】,争,"1、<动>争夺
<例句：相如每朝时，常称病，不欲与廉颇争列。>
2、<动>竞争
<例句：并举而争起矣。>
3、<动>争论
<例句：与贵酋处二十日，争曲直，屡当死。>
<例句：诤>
<例句：以数争不合，去。>
",0
78,”是故君子不赏而民【劝】，不怒而民威于鈇钺,劝,"1、<动>鼓励；勉励
<例句：于是太公劝其女功，极技巧。>
<例句：各劝其业。>
2、<动>劝说
<例句：劝君更尽一杯酒，西出阳关无故人。>
",1 0
79,《诗》曰：“不显【惟】德！百辟其刑之,惟,"1、<动>思考；考虑
<例句：惟王君之心，岂爱人之善。>
<例句：伏惟圣朝以孝治天下。>
2、<副>只；只是
<例句：不闻机杼声，惟闻女叹息。>
3、<介>因为
<例句：惟思既往也故生留恋心。>
4、<助>句首表语气希望
<例句：惟先生速图。>
<例句：惟>
<例句：唯>
<例句：维>
<例句：思>
<例句：惟>
<例句：维>
<例句：只>
<例句：惟>
<例句：唯>
",0
80,《诗》曰：“不显惟德！百【辟】其刑之,辟,"1、<名>刑法;法律
<例句：制参辟铸刑书。>
2、<名>君主
<例句：荡荡上帝下民之辟。>
3、<动>征召
<例句：举孝廉不行连辟公府不就。>
4、<动>通“避”
<例句：其北陵文王之所辟风雨也。>
5、<动>开;打开
<例句：巫从旁望空代祝唇吻翕辟不知何词。>
6、<动>开辟;开垦;开设
<例句：欲辟土地朝秦楚。>
<例句：隙地未尽辟闭廛未尽居也。>
<例句：辟病梅之馆以贮之。>
7、<动>排斥;驳斥
<例句：辟邪说难任人不为拒谏。>
8、<形>偏僻;僻远
<例句：何买田宅必居穷辟处。>
9、<动>比喻,打比方
<例句：有为者辟若掘井掘井九仞而不及泉犹为弃井也。>
10、<名>刑法;法律
<例句：制参辟铸刑书。>
11、<名>君主
<例句：荡荡上帝下民之辟。>
12、<动>征召
<例句：举孝廉不行连辟公府不就。>
13、<动>通“避”
<例句：其北陵文王之所辟风雨也。>
14、<动>开;打开
<例句：巫从旁望空代祝唇吻翕辟不知何词。>
15、<动>开辟;开垦;开设
<例句：欲辟土地朝秦楚。>
<例句：隙地未尽辟闭廛未尽居也。>
<例句：辟病梅之馆以贮之。>
16、<动>排斥;驳斥
<例句：辟邪说难任人不为拒谏。>
17、<形>偏僻;僻远
<例句：何买田宅必居穷辟处。>
18、<动>比喻,打比方
<例句：有为者辟若掘井掘井九仞而不及泉犹为弃井也。>
19、<名>刑法;法律
<例句：制参辟铸刑书。>
20、<名>君主
<例句：荡荡上帝下民之辟。>
21、<动>征召
<例句：举孝廉不行连辟公府不就。>
22、<动>通“避”
<例句：其北陵文王之所辟风雨也。>
23、<动>开;打开
<例句：巫从旁望空代祝唇吻翕辟不知何词。>
24、<动>开辟;开垦;开设
<例句：欲辟土地朝秦楚。>
<例句：隙地未尽辟闭廛未尽居也。>
<例句：辟病梅之馆以贮之。>
25、<动>排斥;驳斥
<例句：辟邪说难任人不为拒谏。>
26、<形>偏僻;僻远
<例句：何买田宅必居穷辟处。>
27、<动>比喻,打比方
<例句：有为者辟若掘井掘井九仞而不及泉犹为弃井也。>
",0
81,《诗》云：“予怀明德，不大【声】以色,声,"1、<名>声音
<例句：顺风而呼，声非加疾也，而闻者彰。>
2、<名>乐曲；乐声
<例句：赵王窃闻秦王善为秦声。>
3、<名>口音
<例句：与人罕言语，语类楚声。>
4、<动>声称；宣布；宣扬
<例句：吾之行为士先者，为之声义。>
5、<名>名声；声誉；声望
<例句：此人皆身至王侯将相，声闻邻国。>
6、<动>宣扬；鼓舞
<例句：金鼓以声气也。>
7、<名>声势；声气
<例句：声盛致志，鼓儳也。>
8、<量>表声音发出的次数
<例句：转轴拨弦三两声。>
",0
82,《诗》云：“予怀明德，不大声【以】色,以,"1、……身份""等。
<例句：以故法为其国与此同。>
<例句：愿以十五城请易璧。>
<例句：乃入见。问：""何以战？"">
<例句：余船以次俱进。>
<例句：是时以大中丞抚吴者为魏之私人……>
2、起提宾作用，""把""。
<例句：秦亦不以城予赵，赵亦终不予秦璧。>
3、表示动作、行为产生的原因，可译为""因""""由于""。
<例句：且以一璧之故逆强秦之欢，不可。>
<例句：时操军兼以饥疫，死者大半。>
4、引进动作、行为发生的时间和处所，用法同""于""。可译为""在""""从""。
<例句：余以乾隆三十九年十二月，自京师乘风雪，……至于泰安。>
<例句：今以长沙豫章往，水道多绝，难行。>
5、表示动作、行为的对象，用法同""与""，可译为""和""""跟""，有时可译为""率领""。
<例句：天下有变，王割汉中以楚和。>
<例句：（公子）欲以客往赴秦军，与赵俱死。>
6、，可译为''而""""又""""而且""""并且""等，或者省去。
<例句：夫夷以近，则游者众……>
7、表示承接关系，""以""前的动作行为，往往是后一动作行为的手段或方式。可译为""而""或省去。
<例句：余与四人拥火以入。>
8、表示目的关系，""以""后的动作行为，往往是前一动作行为的目的或结果。可译为""而""""来""""用来""""以致""等。
<例句：作《师说》以贻之。>
<例句：敛赀财以送其行。>
<例句：不宜妄自菲薄……以塞忠谏之路也。>
9、表示因果关系，常用在表原因的分句前，可译为''因为""。
<例句：诸侯以公子贤，多客，不敢加兵谋魏十余年。>
<例句：古人……以其求思之深而无不在也。>
10、复音虚词""以是""""是以""，相当于""因此""，引出事理发展或推断的结果。
<例句：以是人多以书假余，余因得遍观群书。>
<例句：余是以记之，盖叹郦元之简，而笑李渤之陋也。>
<例句：是以十九年而刀刃若新发于硎。>
",0
