,Unnamed: 0,句子,字,释义,正确选项（填序号）：
896,2432,”其此之谓与！子曰：“愚而好自用，贱而好自专，生乎今之世，反【古】之道：如此者，灾及其身者也,古,"1、<名>古代
<例句：今之乐犹古之乐也。>
2、<形>历时长焦的；古老的
<例句：从数骑出，微行入古寺。>
",1
817,2353,故君子【尊】德性而道问学,尊,"1、<名>酒器
<例句：合盖隆起，形似酒尊。>
<例句：人生如梦，一尊还酹江月。>
<例句：樽>
<例句：>
2、<形>尊贵；高贵
<例句：岂先贱而后尊贵者乎？>
<例句：位尊而无功，奉厚而无劳。>
<例句：履至尊而制六合。>
3、<动>遵奉；尊崇
<例句：臣欲使士大夫尊尚武勇。>
<例句：尊五美，屏四恶，斯可以从政矣。>
4、<动>尊敬；敬重
<例句：此四君者，皆明智而忠信，宽厚而爱人，尊贤而爱士。>
5、<量>
<例句：殿上塑着一尊金甲山神。>
",3
446,1982,唯天下至诚，为能尽其性；能尽其性，则能尽人之性；能尽人之性，则能尽物之性；能尽物之性，则可以赞天地之化育；可以赞天地之化育，则可以与【天】地参矣,天,"1、<名>天空
<例句：是日也，天朗气清，惠风和畅。>
<例句：其容清明，天高日晶。>
<例句：天似穹庐，笼盖四野。>
2、<名>天气；气候
<例句：可怜身上衣正单，心忧炭贱愿天寒。>
3、<名>自然；本性
<例句：依乎天理，批大S，导大U。>
4、<名>古代人们想像中万事万物的主宰者
<例句：秦违蹇叔而以贪勤民，天奉我也。>
<例句：隘而不列，天赞我也。>
<例句：此天亡我也，非战之罪也。>
5、<名>人们赖以生存的人物
<例句：王者以民人为天，而民人以食为天。>
",1
682,2218,今夫地，一撮【土】之多,土,"1、<名>泥土
<例句：积土成山，风雨兴焉。>
2、<名>土地
<例句：退而甘食其土之有，以尽吾齿。>
3、<名>国土；领土；乡土
<例句：燕赵之君，始有远略，能守其土。>
4、<形>本地的；当地的
<例句：且五方土音，乡俗好尚习见习闻。>
5、<名>地方
<例句：益州险塞，沃野千里，天府之土。>
",2
1186,2722,唯天下至【圣】为能聪明睿知，足以有临也；宽裕温柔，足以有容也；发强刚毅，足以有执也；齐庄中正，足以有敬也；文理密察，足以有别也,圣,"1、<形>通达事理，才智非凡
<例句：以管仲之圣而隰朋之智，至其所不知，不难师于老马与蚁。>
2、<名>具有最高智慧和道德的人
<例句：是故圣益圣，愚益愚。>
3、<名>在某方面最杰出的人；精通某种技艺或业务的人
<例句：诗圣>
<例句：棋圣>
4、<名>封建时代对当时的王朝或帝王的尊称
<例句：诚宜开张圣听。>
",2
751,2287,《诗》曰：“惟天之命，于穆不已！”盖曰天之【所】以为天也,所,"1、经常放在动词前，同动词结合，组成""所""字结构。""所""字结构是名词性短语，表示""所……的人""、""所……的事物""、""所……的情况""等。
<例句：于众人广坐之中，不宜有所过，今公子故过之。>
<例句：故余虽愚，卒获有所闻。>
<例句：余在患难中，间以诗记所遭。>
2、""所""和动词结合，后面再有名词性结构，则所字结构起定语的作用。
<例句：夜则以兵围所寓舍。>
<例句：臣所过屠者朱亥，此子贤者，世莫能知，故隐屠闻耳。>
3、在有些句子中，""为""和""所""呼应，组成""为……所……""的格式，表示被动。
<例句：贾家庄几为巡徼所陵迫死。>
<例句：嬴闻如姬父为人所杀。>
4、表示原因的。
<例句：亲贤臣，远小人，此先汉所以兴隆也；亲小人，远贤臣，此后汉所以倾颓也。>
<例句：吾所以为此者，以先国家之急而后私仇也。>
<例句：臣所以去亲戚而事君者，徒慕君之高义也。>
<例句：所以遣将守关者，备他盗之出入与非常也。>
5、表示手段或凭借的。
<例句：吾所以待侯生者备矣，……>
<例句：师者，所以传道受业解惑也。>
6、【所谓】所说的。
<例句：此所谓战胜于朝廷。>
<例句：非吾所谓传其道解其惑者也。>
7、到处。
<例句：石之铿然有声音者，所在皆是也。>
8、所在之处，处所。
<例句：原来有这等一个所在，且回衙去>
<例句：急趋之，折过墙隅，迷其所在。>
",5
711,2247,今夫山，一卷石之多，及其【广】大，草木生之，禽兽居之，宝藏兴焉，今夫水，一勺之多，及其不测，鼋、鼍、蛟龙、鱼鳖生焉，货财殖焉,广,"1、<形>宽阔，与“狭”相对
<例句：安得广厦千万间，大庇天下寒士俱欢颜。>
2、<形>宏大
<例句：君子贫穷而志广。>
3、<动>扩大；增广
<例句：必能裨补阙漏，有所广益。>
4、<动>宽心；安慰
<例句：自以为寿不得长，安悼之，乃为赋以自广。>
5、<副>广泛；多余地
<例句：幸可广问讯，不得便相许。>
6、<名>广州的简称
<例句：杂彩三百匹，交广市鲑珍。>
7、<名>春秋时楚国战车建制名，兵画十五辆为一广
8、<形>横
<例句：广袤>
9、<形>通“旷”，空缺，荒废
10、<名>通“圹”，坟墓
<例句：自望其广，则G如也。>
11、<形>宽阔，与“狭”相对
<例句：安得广厦千万间，大庇天下寒士俱欢颜。>
12、<形>宏大
<例句：君子贫穷而志广。>
13、<动>扩大；增广
<例句：必能裨补阙漏，有所广益。>
14、<动>宽心；安慰
<例句：自以为寿不得长，安悼之，乃为赋以自广。>
15、<副>广泛；多余地
<例句：幸可广问讯，不得便相许。>
16、<名>广州的简称
<例句：杂彩三百匹，交广市鲑珍。>
17、<名>春秋时楚国战车建制名，兵画十五辆为一广
18、<形>横
<例句：广袤>
19、<形>通“旷”，空缺，荒废
20、<名>通“圹”，坟墓
<例句：自望其广，则G如也。>
",2
464,2000,曲能有诚，诚则形，形则著，著则明，明【则】动，动则变，变则化,则,"1、表示承接关系。一般用来连接两个分句或紧缩复句中的前后两层意思，表示两件事情在时间上、事理上的紧密联系。可译为""就""""便""，或译为""原来是""""已经是""。
<例句：项王曰：""壮士！--赐之卮酒。""则与斗卮酒。>
<例句：故木受绳则直，金就砺则利。>
<例句：徐而察之，则山下皆石穴罅。>
<例句：子灿寐而醒，客则鼾睡炕上矣。>
2、表示假设关系。有的用在前一分句，引出假设的情况，相当于""假使""""如果""；有的用于后面的分句，表示假设或推断的结果，相当于""那么""""就""。
<例句：向吾不为斯役，则久已病矣。>
3、。可译为""就"",或不译。
<例句：位卑则足羞，官盛则近谀。>
<例句：入则孝，出则悌。>
4、表示转折、让步关系。表示意思有转折时，""则""字用在后一分句，可译为""可是""""却""；表示姑且承认一件事，预备下句转入正意时，""则""字用在前一分句。可译为""虽然""""倒是""。
<例句：于其身也，则耻师焉，惑矣。>
<例句：其室则迩，其人甚远。>
5、副词。用在判断句中，起强调和确认作用，可译作""是""""就是""。
<例句：此则岳阳楼之大观也。>
<例句：非死则徙尔。>
",2
1145,2681,辟如天地之无【不】持载，无不覆帱，辟如四时之错行，如日月之代明,不,"1、<副>不,表一般否定
2、<副>没有,表存在的否定
<例句：今日出而从日中不决何也?>
3、<副>不是,表否定判断
<例句：又何往而不金玉其外败絮其中也哉。>
4、通“否”
5、<助>在句末表询问
<例句：秦王以十五城请易寡人之璧可予不?>
6、<副>用在句中表否定
<例句：不者若属皆为所虏。>
<例句：或师焉或不焉。>
",1
1444,2980,君子所不可及者，其唯人之所不见乎！《诗》云：“相在尔室，【尚】不愧于屋漏,尚,"1、<动>尊崇；崇尚；爱好
<例句：臣欲使士大夫尊尚武勇。>
<例句：宣德间，宫中尚促织之戏。>
2、<动>高出；超出
<例句：好仁者无以尚之。>
3、<动>与地位比自己高的人婚配
<例句：平阳侯曹寿尚武帝妹阳信长公主。>
4、<形>自高自大
<例句：虽才高于世，而无骄尚之情。>
5、<副>尚且
<例句：臣以为布衣之交尚不相欺，况大国乎？>
6、<副>还
<例句：盖余所至，比好游者尚不能十一，然视其左右，来而记之者已少。>
",5
826,2362,致广大而尽【精】微,精,"1、<名>精米；上等的细米
<例句：鼓荚播精，足以食十人。>
2、<名>精华
<例句：齐楚之精英。>
3、<形>精粹；精纯
<例句：阳嘉元年，复造候风地动仪，以精铜铸成。>
4、<形>精良；精锐
<例句：兵精粮多，足以立事。>
5、<形>精美；美好
<例句：纤纤作细步，精妙细无双。>
6、<动>精通；谙熟
<例句：精技击者不过百人。>
7、<形>精湛；精妙
<例句：吾射不亦精乎？>
8、<形>精心；专一
<例句：精思附会，十年乃成。>
9、<名>精神；精力
<例句：有动于中，必摇其精。>
10、<形>瘦，不肥
<例句：却才精的，怕府里要裹馄饨，肥的臊子何用？>
",5
810,2346,故曰：苟不【至】德，至道不凝焉,至,"1、<动>来到；到达
<例句：王无罪岁，斯天下之民至焉。>
2、<形>达到顶点
<例句：二者用精至矣。>
3、<形>周到
<例句：或遇其叱咄，色愈恭，礼愈至，不敢出一言以复。>
4、<副>极；最
<例句：寡助之至，亲戚畔之。>
5、<连>至于
<例句：至桀、纣之暴，犹谓汤、武不当诛之。>
",2
1184,2720,唯天【下】至圣为能聪明睿知，足以有临也；宽裕温柔，足以有容也；发强刚毅，足以有执也；齐庄中正，足以有敬也；文理密察，足以有别也,下,"1、<名>下面；位置较低的处所
<例句：上食埃土，下饮黄泉。>
2、<形>低
<例句：此地势高下之不同也。>
3、<形>下等；次序在后的
<例句：闻寡之耳者，受下赏。>
4、<名>地位低下的人；职务低的人；下级
<例句：且相如素贱人，吾羞，不忍为之下。>
5、<动>从高处到低处
<例句：转入石门，越天都之胁而下。>
6、<动>降下；落下
<例句：纷纷暮雪下辕门。>
7、<动>下坠
<例句：项王泣数行下。>
8、<动>到……去
<例句：君乃自湖南溯江，下上海。>
9、<动>下达；颁布
<例句：维扬帅下逐客之令。>
10、<动>攻下；攻占
<例句：蕲下，乃令符离人葛婴将兵徇蕲以东。>
11、<动>少于；低于
<例句：今之众人，其下圣人也亦矣。>
12、<动>谦下；降低身份去交往
<例句：公子为人，仁而下士。>
13、<量>表示动作的次数
<例句：忽然抚尺一下，群响毕绝。>
14、<名>方面；方
<例句：今若取此以断两下相杀，则合于礼矣。>
",1
159,1695,朝聘以时，厚往而薄来，所以怀诸【侯】也,侯,"1、<名>箭靶
<例句：终日射侯不出正亏。>
2、<名>古代公侯伯子男五等爵位的第二等,又为诸侯国国君的通称
<例句：出则接遇宾客应对诸侯。>
<例句：王侯将相宁有种乎?>
<例句：素善留侯张良。>
3、<副>同“何”
4、<名>箭靶
<例句：终日射侯不出正亏。>
5、<名>古代公侯伯子男五等爵位的第二等,又为诸侯国国君的通称
<例句：出则接遇宾客应对诸侯。>
<例句：王侯将相宁有种乎?>
<例句：素善留侯张良。>
6、<副>同“何”
",2
113,1649,所以修身也；去谗远色，贱货而贵德，所以劝贤也；尊其位，重其禄，同其好恶，所以劝亲亲也；官盛任使，所以劝大臣也；忠信重禄，所以劝士也；时使薄敛，所以劝百姓也；日省月【试】，既廪称事，所以劝百工也；送往迎来，嘉善而矜不能，所以柔远人也；继绝世，举废国，治乱持危,试,"1、<动>用；任用
<例句：兵革不试，五刑不用。>
2、<动>尝试；试探
<例句：守邸曰：‘试来视之。’>
3、<动>试验；检验
<例句：又试之鸡，果如成言。>
4、<动>考试
<例句：及试，吏呼名史公，公瞿然注视。>
",3
1240,2776,溥博【如】天，渊泉如渊,如,"1、<动>往；到……去
<例句：入溆浦余{葙猓迷不知吾所如。>
2、<动>依照；遵从
<例句：先生如其指，内狼于囊。>
3、<动>顺；符合
<例句：邂逅不如意，便还就孤。>
4、<动>像；如同
<例句：日初出大如车盖。>
5、<动>及；比得上
<例句：天时不如地利。>
6、<动>用于短语“如……何”中，表示“对待……怎么办”、“把……怎么办”
<例句：如太行、王屋何？>
7、<副>不如；应该
<例句：若爱重伤，则如勿伤。>
8、<连>如果；假如
<例句：洛阳亲友如相问。>
9、<连>或者
<例句：安见方六七十，如五六十，而非邦也者？>
10、<连>至于
<例句：如其礼乐，以俟君子。>
11、词缀
<例句：……的样子>
<例句：仁义之人，其言蔼如也。>
",4
187,1723,言【前】定则不O，事前定则不困，行前定则不疚，道前定则不穷,前,"1、<动>上前；前进
<例句：乃前曰：‘璧有瑕，请指示王。’>
2、<名>前面；之前
<例句：生乎吾前，其闻道也固先乎吾。>
3、<副>先前；早前
<例句：迫而视之，乃前寄辞者。>
",2
618,2154,【如】此者，不见而章，不动而变，无为而成,如,"1、<动>往；到……去
<例句：入溆浦余{葙猓迷不知吾所如。>
2、<动>依照；遵从
<例句：先生如其指，内狼于囊。>
3、<动>顺；符合
<例句：邂逅不如意，便还就孤。>
4、<动>像；如同
<例句：日初出大如车盖。>
5、<动>及；比得上
<例句：天时不如地利。>
6、<动>用于短语“如……何”中，表示“对待……怎么办”、“把……怎么办”
<例句：如太行、王屋何？>
7、<副>不如；应该
<例句：若爱重伤，则如勿伤。>
8、<连>如果；假如
<例句：洛阳亲友如相问。>
9、<连>或者
<例句：安见方六七十，如五六十，而非邦也者？>
10、<连>至于
<例句：如其礼乐，以俟君子。>
11、词缀
<例句：……的样子>
<例句：仁义之人，其言蔼如也。>
",4
420,1956,唯天下至诚，为能尽其性；能尽其性，则能尽人之性；能尽人之性，则能【尽】物之性；能尽物之性，则可以赞天地之化育；可以赞天地之化育，则可以与天地参矣,尽,"1、<动>完；完尽；完了
<例句：肴核既尽，杯盘狼藉。>
2、<动>全部用出
<例句：寡人之于国也，尽心焉耳矣。>
3、<动>完结；消亡
<例句：退而甘食其土之有，以尽吾齿。>
<例句：转侧床头，惟思自尽。>
4、<名>尽头
<例句：则物与我皆无尽也，而又何羡乎。>
5、<动>达到顶点；穷极
<例句：妙尽璇机之正。>
6、<副>全部；全都
<例句：萍水相逢，尽是他乡之客。>
7、<副>极端；最
<例句：子谓《韶》尽美矣，又尽善也。>
8、<动>同“进”，进行
<例句：近臣尽规。>
9、<动>尽量；尽可能
<例句：虚坐尽后，食坐尽后。>
10、<副>任凭；任随
<例句：惟有落红不禁，尽教飞舞出宫墙。>
11、<动>完；完尽；完了
<例句：肴核既尽，杯盘狼藉。>
12、<动>全部用出
<例句：寡人之于国也，尽心焉耳矣。>
13、<动>完结；消亡
<例句：退而甘食其土之有，以尽吾齿。>
<例句：转侧床头，惟思自尽。>
14、<名>尽头
<例句：则物与我皆无尽也，而又何羡乎。>
15、<动>达到顶点；穷极
<例句：妙尽璇机之正。>
16、<副>全部；全都
<例句：萍水相逢，尽是他乡之客。>
17、<副>极端；最
<例句：子谓《韶》尽美矣，又尽善也。>
18、<动>同“进”，进行
<例句：近臣尽规。>
19、<动>尽量；尽可能
<例句：虚坐尽后，食坐尽后。>
20、<副>任凭；任随
<例句：惟有落红不禁，尽教飞舞出宫墙。>
",1
1190,2726,唯天下至圣为能聪明睿【知】，足以有临也；宽裕温柔，足以有容也；发强刚毅，足以有执也；齐庄中正，足以有敬也；文理密察，足以有别也,知,"1、<动>知道；了解
<例句：故察己则可以知人。>
2、<动>认识；识别
<例句：其真无马邪？其真不知马也。>
3、<名>知觉；感觉
<例句：官知止而神欲行。>
4、<动>感到；觉得
<例句：春江水暖鸭先知。>
5、<动>交好；相亲
<例句：公孙明知叔孙于齐。>
6、<名>交情
<例句：绝宾客之知。>
7、<名>朋友
<例句：悲歌辞旧爱，衔泪觅新知。>
8、<动>主持
<例句：吾与之共知赵国之政。>
9、通“智”
<例句：君子博学而日参乎己，则知明而行无过矣。>
10、<动>知道；了解
<例句：故察己则可以知人。>
11、<动>认识；识别
<例句：其真无马邪？其真不知马也。>
12、<名>知觉；感觉
<例句：官知止而神欲行。>
13、<动>感到；觉得
<例句：春江水暖鸭先知。>
14、<动>交好；相亲
<例句：公孙明知叔孙于齐。>
15、<名>交情
<例句：绝宾客之知。>
16、<名>朋友
<例句：悲歌辞旧爱，衔泪觅新知。>
17、<动>主持
<例句：吾与之共知赵国之政。>
18、通“智”
<例句：君子博学而日参乎己，则知明而行无过矣。>
",9
1001,2537,王天下有三重焉，其寡过矣乎！上焉者虽善无徵，无徵不信，不信民弗从；【下】焉者虽善不尊，不尊不信，不信民弗从,下,"1、<名>下面；位置较低的处所
<例句：上食埃土，下饮黄泉。>
2、<形>低
<例句：此地势高下之不同也。>
3、<形>下等；次序在后的
<例句：闻寡之耳者，受下赏。>
4、<名>地位低下的人；职务低的人；下级
<例句：且相如素贱人，吾羞，不忍为之下。>
5、<动>从高处到低处
<例句：转入石门，越天都之胁而下。>
6、<动>降下；落下
<例句：纷纷暮雪下辕门。>
7、<动>下坠
<例句：项王泣数行下。>
8、<动>到……去
<例句：君乃自湖南溯江，下上海。>
9、<动>下达；颁布
<例句：维扬帅下逐客之令。>
10、<动>攻下；攻占
<例句：蕲下，乃令符离人葛婴将兵徇蕲以东。>
11、<动>少于；低于
<例句：今之众人，其下圣人也亦矣。>
12、<动>谦下；降低身份去交往
<例句：公子为人，仁而下士。>
13、<量>表示动作的次数
<例句：忽然抚尺一下，群响毕绝。>
14、<名>方面；方
<例句：今若取此以断两下相杀，则合于礼矣。>
",4
425,1961,唯天下至诚，为能尽其性；能尽其性，则能尽人之性；能尽人之性，则能尽物之性；能尽物【之】性，则可以赞天地之化育；可以赞天地之化育，则可以与天地参矣,之,"1、指示代词，表近指。可译为""这""，通常作复指性定语。
<例句：均之二策。>
2、之间，可译为""的""，有的可不译。
<例句：若能以吴、越之众与中国抗衡。>
3、和补语之间，可译为""得""。
<例句：古人之观于天地、山川、草木、虫鱼、鸟兽，往往有得，以其求思之深而无不在也。>
4、 结构助词。当主谓短语在句中作主语、宾语或一个分句时，""之""用在主语和谓语之间，起取消句子独立性的作用，可不译。译时可省去。
<例句：师道之不传也久矣！欲人之无惑也难矣！>
<例句：悍吏之来吾乡，叫嚣乎东西。>
<例句：孤之有孔明，犹鱼之有水也。>
5、音节助词，用在形容词、副词或某些动词的末尾，或用在三个字之间，使之凑成四个字，只起调整音节的作用，无义，译时应省去。
<例句：顷之，烟炎张天。>
<例句：毛先生以三寸之舌，强于百万之师。>
<例句：久之，目似瞑，意暇甚>
",2
1238,2774,【溥】博如天，渊泉如渊,溥,"1、<形>广大
<例句：逝彼百泉，瞻彼溥原。>
2、<副>普遍
<例句：溥天之下，莫非王土。>
<例句：敷>
<例句：夫孝，置之而塞乎天地，溥之而横乎四海。>
",1
227,1763,获乎上有道，不信乎朋友，不【获】乎上矣；信乎朋友有道，不顺乎亲，不信乎朋友矣；顺乎亲有道，反诸身不诚，不顺乎亲矣；诚身有道，不明乎善，不诚乎身矣,获,"1、<动>猎得禽兽
<例句：终日而不获一禽。>
2、<动>俘获
<例句：获百里孟明视、西乞术、白乙丙以归。>
3、<动>得到；收获
<例句：秦以攻取之外，小则获邑。>
<例句：卒获有所闻。>
4、<动>收割庄稼
<例句：春耕夏耘，秋获冬藏。>
<例句：获>
",3
1338,2874,夫焉有所倚？肫肫其仁！渊渊【其】渊！浩浩其天！苟不固聪明圣知达天德者，其孰能知之？《诗》曰：“衣锦尚N”，恶其文之著也,其,"2、第三人称代词。一般代人，用在动词或形容词之前，作主谓短语中的小主语。
<例句：秦王恐其破璧（《廉颇蔺相如列传》）""其破璧""作宾语）\n>
3、的""。
<例句：今肃迎操，操当以肃还付乡党，品其名位，犹不失下曹从事。>
<例句：而余亦悔其随之而不得极夫游之乐也。>
4、指示代词，表远指。作定语，可译为""那""""那个""""那些""""那里""。
<例句：则或咎其欲出者。>
<例句：今操得荆州，奄有其地。>
5、指示代词，表示""其中的""，后面多为数词。
<例句：于乱石间择其一二扣之。>
6、指示代词，表示近指，相当于“这”，“这个”，“这些”。
<例句：有蒋氏者，专其利三世矣。>
",2
638,2174,【其】为物不贰，则其生物不测,其,"2、第三人称代词。一般代人，用在动词或形容词之前，作主谓短语中的小主语。
<例句：秦王恐其破璧（《廉颇蔺相如列传》）""其破璧""作宾语）\n>
3、的""。
<例句：今肃迎操，操当以肃还付乡党，品其名位，犹不失下曹从事。>
<例句：而余亦悔其随之而不得极夫游之乐也。>
4、指示代词，表远指。作定语，可译为""那""""那个""""那些""""那里""。
<例句：则或咎其欲出者。>
<例句：今操得荆州，奄有其地。>
5、指示代词，表示""其中的""，后面多为数词。
<例句：于乱石间择其一二扣之。>
6、指示代词，表示近指，相当于“这”，“这个”，“这些”。
<例句：有蒋氏者，专其利三世矣。>
",2
268,1804,诚者，天【之】道也；诚之者，人之道也,之,"1、指示代词，表近指。可译为""这""，通常作复指性定语。
<例句：均之二策。>
2、之间，可译为""的""，有的可不译。
<例句：若能以吴、越之众与中国抗衡。>
3、和补语之间，可译为""得""。
<例句：古人之观于天地、山川、草木、虫鱼、鸟兽，往往有得，以其求思之深而无不在也。>
4、 结构助词。当主谓短语在句中作主语、宾语或一个分句时，""之""用在主语和谓语之间，起取消句子独立性的作用，可不译。译时可省去。
<例句：师道之不传也久矣！欲人之无惑也难矣！>
<例句：悍吏之来吾乡，叫嚣乎东西。>
<例句：孤之有孔明，犹鱼之有水也。>
5、音节助词，用在形容词、副词或某些动词的末尾，或用在三个字之间，使之凑成四个字，只起调整音节的作用，无义，译时应省去。
<例句：顷之，烟炎张天。>
<例句：毛先生以三寸之舌，强于百万之师。>
<例句：久之，目似瞑，意暇甚>
",2
1333,2869,夫焉有所【倚】？肫肫其仁！渊渊其渊！浩浩其天！苟不固聪明圣知达天德者，其孰能知之？《诗》曰：“衣锦尚N”，恶其文之著也,倚,"1、<动>靠着
<例句：倚南窗以寄傲，审容膝之易安。>
2、<动>拄着
<例句：归来倚杖自叹息。>
3、<动>随着；依照
<例句：客有吹洞箫者，倚歌而和之。>
<例句：搁>
",1
1355,2891,夫焉有所倚？肫肫其仁！渊渊其渊！浩浩其天！苟不固聪明圣知达天德者，其孰能知【之】？《诗》曰：“衣锦尚N”，恶其文之著也,之,"1、指示代词，表近指。可译为""这""，通常作复指性定语。
<例句：均之二策。>
2、之间，可译为""的""，有的可不译。
<例句：若能以吴、越之众与中国抗衡。>
3、和补语之间，可译为""得""。
<例句：古人之观于天地、山川、草木、虫鱼、鸟兽，往往有得，以其求思之深而无不在也。>
4、 结构助词。当主谓短语在句中作主语、宾语或一个分句时，""之""用在主语和谓语之间，起取消句子独立性的作用，可不译。译时可省去。
<例句：师道之不传也久矣！欲人之无惑也难矣！>
<例句：悍吏之来吾乡，叫嚣乎东西。>
<例句：孤之有孔明，犹鱼之有水也。>
5、音节助词，用在形容词、副词或某些动词的末尾，或用在三个字之间，使之凑成四个字，只起调整音节的作用，无义，译时应省去。
<例句：顷之，烟炎张天。>
<例句：毛先生以三寸之舌，强于百万之师。>
<例句：久之，目似瞑，意暇甚>
",1
66,1602,所以修身也；去谗远色，贱货而贵德，所【以】劝贤也；尊其位，重其禄，同其好恶，所以劝亲亲也；官盛任使，所以劝大臣也；忠信重禄，所以劝士也；时使薄敛，所以劝百姓也；日省月试，既廪称事，所以劝百工也；送往迎来，嘉善而矜不能，所以柔远人也；继绝世，举废国，治乱持危,以,"1、……身份""等。
<例句：以故法为其国与此同。>
<例句：愿以十五城请易璧。>
<例句：乃入见。问：""何以战？"">
<例句：余船以次俱进。>
<例句：是时以大中丞抚吴者为魏之私人……>
2、起提宾作用，""把""。
<例句：秦亦不以城予赵，赵亦终不予秦璧。>
3、表示动作、行为产生的原因，可译为""因""""由于""。
<例句：且以一璧之故逆强秦之欢，不可。>
<例句：时操军兼以饥疫，死者大半。>
4、引进动作、行为发生的时间和处所，用法同""于""。可译为""在""""从""。
<例句：余以乾隆三十九年十二月，自京师乘风雪，……至于泰安。>
<例句：今以长沙豫章往，水道多绝，难行。>
5、表示动作、行为的对象，用法同""与""，可译为""和""""跟""，有时可译为""率领""。
<例句：天下有变，王割汉中以楚和。>
<例句：（公子）欲以客往赴秦军，与赵俱死。>
6、，可译为''而""""又""""而且""""并且""等，或者省去。
<例句：夫夷以近，则游者众……>
7、表示承接关系，""以""前的动作行为，往往是后一动作行为的手段或方式。可译为""而""或省去。
<例句：余与四人拥火以入。>
8、表示目的关系，""以""后的动作行为，往往是前一动作行为的目的或结果。可译为""而""""来""""用来""""以致""等。
<例句：作《师说》以贻之。>
<例句：敛赀财以送其行。>
<例句：不宜妄自菲薄……以塞忠谏之路也。>
9、表示因果关系，常用在表原因的分句前，可译为''因为""。
<例句：诸侯以公子贤，多客，不敢加兵谋魏十余年。>
<例句：古人……以其求思之深而无不在也。>
10、复音虚词""以是""""是以""，相当于""因此""，引出事理发展或推断的结果。
<例句：以是人多以书假余，余因得遍观群书。>
<例句：余是以记之，盖叹郦元之简，而笑李渤之陋也。>
<例句：是以十九年而刀刃若新发于硎。>
",8
1475,3011,”是故君子不赏而民劝，【不】怒而民威于a钺,不,"1、<副>不,表一般否定
2、<副>没有,表存在的否定
<例句：今日出而从日中不决何也?>
3、<副>不是,表否定判断
<例句：又何往而不金玉其外败絮其中也哉。>
4、通“否”
5、<助>在句末表询问
<例句：秦王以十五城请易寡人之璧可予不?>
6、<副>用在句中表否定
<例句：不者若属皆为所虏。>
<例句：或师焉或不焉。>
",2
1459,2995,《诗》【曰】：“奏假无言，时靡有争,曰,"1、<动>说
<例句：君子曰：学不可以已。>
2、<动>称为
<例句：齐有处士曰钟离子。>
3、<动>是，举例时用
<例句：按诸五人，曰颜佩伟，杨念如……>
4、<动>为
<例句：先帝称之曰能。>
5、<助>用于句首
<例句：曰为改岁，入此室处。>
",1
904,2440,”其此之谓与！子曰：“愚而好自用，贱而好自专，生乎今之世，反古之道：如此者，灾及其身【者】也,者,"1、助词，主要有两种用法。一种是附在别的词或短语之后，组成名词性短语。
<例句：将藏之于家，使来者读之，悲予志焉。>
<例句：用叶者取叶初长足时，用芽者自从本说，用花者取花初敷时，用实者成实时采。>
2、""者""的另一种用法是放在一个词或一组词后边，起提顿作用，先用""……者""提出在说明的事物，稍微停顿一下，然后说明或论断。
<例句：大阉之乱，缙绅而能不易其志者，四海之大，有几人欤？>
<例句：古之让天子者，是去监门之养而离臣虏之劳也。>
3、""者""有时放在时间副词之后，起语助作用，可不译。
<例句：今者项庄拔剑舞，其意常在沛公也。>
4、""者""有时放在数词后边，可译为""个""""样""之类。
<例句：此数者用兵之患也，而操皆冒行之。>
",1
831,2367,极高明【而】道中庸,而,"1、表示并列关系。
<例句：蟹六跪而二螯，非蛇鳝之穴无可寄托者>
<例句：剑阁峥嵘而崔嵬，一夫当关，万夫莫开>
<例句：北救赵而西却秦，此五霸之伐也>
2、表示递进关系。
<例句：君子博学而日参省乎己。>
<例句：楚怀王贪而信张仪，遂绝齐>
<例句：回视日观以西峰，或得日，或否，绛驳色，而皆若偻>
<例句：以其求思之深而无不在也>
3、表示承接关系。
<例句：故舍汝而旅食京师，以求斗斛之禄>
<例句：置之地，拔剑撞而破之。>
<例句：积善成德，而神明自得，圣心备焉。>
<例句：人非生而知之者，孰能无惑>
4、表示转折关系。
<例句：青，取之于蓝，而青于蓝>
<例句：有如此之势，而为秦人积威之所劫>
<例句：信也，吾兄之盛德而夭其嗣乎>
5、表示假设关系。
<例句：诸君而有意，瞻予马首可也。>
<例句：死而有知，其几何离>
<例句：锲而不舍，金石可镂。>
<例句：人而无信，不知其可也。>
6、表示修饰关系。
<例句：吾尝而望矣，不如登高之博见也>
<例句：填然鼓之，兵刃既接，弃甲曳兵而走>
<例句：项王按剑而跽曰：""客何为者？"">
7、表示因果关系。
<例句：余亦悔其随之而不得极夫游之乐也>
<例句：表恶其能而不用也>
<例句：小人不知天命而不畏也。>
8、表示目的关系。
<例句：缦立远视，而望幸焉>
<例句：籍吏民，封府库，而待将军>
<例句：吾恂恂而起。>
9、代词。第二人称，一般作定语，译为""你的""，偶尔也作主语，译为""你""。
<例句：而翁长铨，迁我京职，则汝朝夕侍母。>
10、相当于“以”，表范围。
<例句：形而上者谓之道，形而下者谓之器>
11、表反问语气，相当于“岂”。
<例句：为仁由己，而由人乎哉>
12、动词。同“如”，好像，如同。
<例句：溺死者千有余人军惊而坏都舍。>
13、复音虚词""而已""。放在句末，表示限止的语气助词，相当于""罢了""。
<例句：一人、一桌、一椅、一扇、一抚尺而已。>
<例句：闻道有先后，术业有专攻，如是而已。>
",1
1128,2664,【仲】尼祖述尧舜，宪章文武：上律天时，下袭水土,仲,"1、<形>排行第二的
<例句：某业所就，孰与仲多？>
2、<形>位居第二的
<例句：出师一表真名世，千载谁堪伯仲间。>
",1
303,1839,“博学之，审问【之】，慎思之，明辨之，笃行之,之,"1、指示代词，表近指。可译为""这""，通常作复指性定语。
<例句：均之二策。>
2、之间，可译为""的""，有的可不译。
<例句：若能以吴、越之众与中国抗衡。>
3、和补语之间，可译为""得""。
<例句：古人之观于天地、山川、草木、虫鱼、鸟兽，往往有得，以其求思之深而无不在也。>
4、 结构助词。当主谓短语在句中作主语、宾语或一个分句时，""之""用在主语和谓语之间，起取消句子独立性的作用，可不译。译时可省去。
<例句：师道之不传也久矣！欲人之无惑也难矣！>
<例句：悍吏之来吾乡，叫嚣乎东西。>
<例句：孤之有孔明，犹鱼之有水也。>
5、音节助词，用在形容词、副词或某些动词的末尾，或用在三个字之间，使之凑成四个字，只起调整音节的作用，无义，译时应省去。
<例句：顷之，烟炎张天。>
<例句：毛先生以三寸之舌，强于百万之师。>
<例句：久之，目似瞑，意暇甚>
",1
1123,2659,庶几夙夜，以永终誉！”君子未有不如此而蚤有誉【于】天下者也,于,"1、放在形容词之后，表示比较，一般可译为""比""。有时可译为""胜过""。
<例句：良曰：""长于臣""。>
<例句：冰，水为之，而寒于水。>
2、有时则只是表示对象的性质和状态，可不译。
<例句：非常之谋难于猝发……>
3、""受""等字和它相应。
<例句：或脱身以逃，不能容于远近……>
<例句：臣诚恐见欺于王而负赵……>
<例句：吾不能举全吴之地，十万之众，受制于人……>
4、放在句子开头，表前后的承接或因果关系，与承接连词或因果连词相同。现代汉语也这样用。
<例句：于是秦王不悦，为击。>
<例句：吴之民方痛心焉，于是乘其厉声以呵，则噪而相逐。>
",0
980,2516,王天下有三【重】焉，其寡过矣乎！上焉者虽善无徵，无徵不信，不信民弗从；下焉者虽善不尊，不尊不信，不信民弗从,重,"1、<形>重，与“轻”相对
<例句：士不可以不弘毅，任重而道远。>
2、<形>重要；重大
<例句：则予此行所负之责任，尤倍重于三十年前。>
3、<动>重视；看重
<例句：商人重利轻别离。>
4、<形>贵重
<例句：不爱珍器重宝肥饶之地。>
5、<形>严重
<例句：情罪重者反出在外。>
6、<形>严格
<例句：古之君子，其责己也重以周。>
7、<形>庄重
<例句：君子不重则不威，学则不固。>
8、<动>尊重
<例句：此四君者，皆明智而忠信，宽厚而爱人，尊贤而重士。>
9、<副>更加；加重
<例句：见犯乃死，重辱国。>
10、<形>重叠
<例句：重岩叠嶂，隐天蔽日。>
11、<量>层
<例句：卷我屋上三重茅。>
12、<副>重新；再次
<例句：添酒回灯重开宴。>
13、<动>拖累；牵连
<例句：事发相重，岂不危哉。>
",2 0
512,2048,祸福将至，善，必先知之；【不】善，必先知之,不,"1、<副>不,表一般否定
2、<副>没有,表存在的否定
<例句：今日出而从日中不决何也?>
3、<副>不是,表否定判断
<例句：又何往而不金玉其外败絮其中也哉。>
4、通“否”
5、<助>在句末表询问
<例句：秦王以十五城请易寡人之璧可予不?>
6、<副>用在句中表否定
<例句：不者若属皆为所虏。>
<例句：或师焉或不焉。>
",1
665,2201,今夫天，斯昭昭【之】多，及其无穷也，日月星辰系焉，万物覆焉,之,"1、指示代词，表近指。可译为""这""，通常作复指性定语。
<例句：均之二策。>
2、之间，可译为""的""，有的可不译。
<例句：若能以吴、越之众与中国抗衡。>
3、和补语之间，可译为""得""。
<例句：古人之观于天地、山川、草木、虫鱼、鸟兽，往往有得，以其求思之深而无不在也。>
4、 结构助词。当主谓短语在句中作主语、宾语或一个分句时，""之""用在主语和谓语之间，起取消句子独立性的作用，可不译。译时可省去。
<例句：师道之不传也久矣！欲人之无惑也难矣！>
<例句：悍吏之来吾乡，叫嚣乎东西。>
<例句：孤之有孔明，犹鱼之有水也。>
5、音节助词，用在形容词、副词或某些动词的末尾，或用在三个字之间，使之凑成四个字，只起调整音节的作用，无义，译时应省去。
<例句：顷之，烟炎张天。>
<例句：毛先生以三寸之舌，强于百万之师。>
<例句：久之，目似瞑，意暇甚>
",4
182,1718,“凡事豫则立，【不】豫则废,不,"1、<副>不,表一般否定
2、<副>没有,表存在的否定
<例句：今日出而从日中不决何也?>
3、<副>不是,表否定判断
<例句：又何往而不金玉其外败絮其中也哉。>
4、通“否”
5、<助>在句末表询问
<例句：秦王以十五城请易寡人之璧可予不?>
6、<副>用在句中表否定
<例句：不者若属皆为所虏。>
<例句：或师焉或不焉。>
",1
260,1796,获乎上有道，不信乎朋友，不获乎上矣；信乎朋友有道，不顺乎亲，不信乎朋友矣；顺乎亲有道，反诸身不诚，不顺乎亲矣；诚身有道，不明【乎】善，不诚乎身矣,乎,"1、表疑问语气，可译为""吗""""呢""。
<例句：儿寒乎？欲食乎？>
<例句：岂有相公此时出见客乎？>
<例句：欲安所归乎？>
2、表测度语气，可译为""吧""。
<例句：王之好乐甚，则齐其庶几乎。>
<例句：其皆出于此乎？>
3、用于感叹句，可译为""啊""""呀""等。
<例句：呜呼！孰知赋敛之毒有甚是蛇者乎！>
4、用在句中的停顿处。
<例句：胡为乎遑遑欲何之？>
5、表反问语气，“吗”“呢”。
<例句：夫庸知其年之先后生于吾乎？>
6、表婉商语气，“吗”。
<例句：举大计亦死，等死，死国可乎>
7、用于祈使句，可不译。
<例句：长铗归来乎u出无车>
8、在。
<例句：出，跳梁乎井干之上。>
9、对、对于。
<例句：吾尝疑乎是。>
10、比。
<例句：其闻道也固先乎吾，吾从而师之。>
11、此外，可作词尾。
<例句：恢恢乎其于游刃必有余地矣！>
",9
644,2180,其为物不贰，则其生物【不】测,不,"1、<副>不,表一般否定
2、<副>没有,表存在的否定
<例句：今日出而从日中不决何也?>
3、<副>不是,表否定判断
<例句：又何往而不金玉其外败絮其中也哉。>
4、通“否”
5、<助>在句末表询问
<例句：秦王以十五城请易寡人之璧可予不?>
6、<副>用在句中表否定
<例句：不者若属皆为所虏。>
<例句：或师焉或不焉。>
",1
1477,3013,”是故君子不赏而民劝，不怒【而】民威于a钺,而,"1、表示并列关系。
<例句：蟹六跪而二螯，非蛇鳝之穴无可寄托者>
<例句：剑阁峥嵘而崔嵬，一夫当关，万夫莫开>
<例句：北救赵而西却秦，此五霸之伐也>
2、表示递进关系。
<例句：君子博学而日参省乎己。>
<例句：楚怀王贪而信张仪，遂绝齐>
<例句：回视日观以西峰，或得日，或否，绛驳色，而皆若偻>
<例句：以其求思之深而无不在也>
3、表示承接关系。
<例句：故舍汝而旅食京师，以求斗斛之禄>
<例句：置之地，拔剑撞而破之。>
<例句：积善成德，而神明自得，圣心备焉。>
<例句：人非生而知之者，孰能无惑>
4、表示转折关系。
<例句：青，取之于蓝，而青于蓝>
<例句：有如此之势，而为秦人积威之所劫>
<例句：信也，吾兄之盛德而夭其嗣乎>
5、表示假设关系。
<例句：诸君而有意，瞻予马首可也。>
<例句：死而有知，其几何离>
<例句：锲而不舍，金石可镂。>
<例句：人而无信，不知其可也。>
6、表示修饰关系。
<例句：吾尝而望矣，不如登高之博见也>
<例句：填然鼓之，兵刃既接，弃甲曳兵而走>
<例句：项王按剑而跽曰：""客何为者？"">
7、表示因果关系。
<例句：余亦悔其随之而不得极夫游之乐也>
<例句：表恶其能而不用也>
<例句：小人不知天命而不畏也。>
8、表示目的关系。
<例句：缦立远视，而望幸焉>
<例句：籍吏民，封府库，而待将军>
<例句：吾恂恂而起。>
9、代词。第二人称，一般作定语，译为""你的""，偶尔也作主语，译为""你""。
<例句：而翁长铨，迁我京职，则汝朝夕侍母。>
10、相当于“以”，表范围。
<例句：形而上者谓之道，形而下者谓之器>
11、表反问语气，相当于“岂”。
<例句：为仁由己，而由人乎哉>
12、动词。同“如”，好像，如同。
<例句：溺死者千有余人军惊而坏都舍。>
13、复音虚词""而已""。放在句末，表示限止的语气助词，相当于""罢了""。
<例句：一人、一桌、一椅、一扇、一抚尺而已。>
<例句：闻道有先后，术业有专攻，如是而已。>
",2
347,1883,有弗学，学之弗能，弗措也；有弗问，问之弗知，弗措也；有弗思，思之弗得，弗措也；有弗辨，辨之弗明，弗措也；【有】弗行，行之弗笃，弗措也,有,"1、<动>与“无”相对
<例句：有朋自远方来，不亦乐乎。>
2、<动>占有
<例句：沛公欲王关中，使子婴为相，珍宝尽有之。>
3、<动>掌握
<例句：有道之士，贵以近知远。>
4、<形>富有
<例句：礼生于有而废于无。>
5、<名>收获；出产的东西
<例句：退而甘食其土之有。>
6、<连>或者
<例句：故君子有不战，战则必胜。>
7、<助>用在动词前，以助语气
<例句：干将发硎，有作其芒。>
8、<副>通“又”，表示进一层
<例句：虽有槁暴，不复挺者，使之然也。>
9、<连>通“又”，用于整数与零数之间
<例句：臣密今年四十有四。>
10、<动>与“无”相对
<例句：有朋自远方来，不亦乐乎。>
11、<动>占有
<例句：沛公欲王关中，使子婴为相，珍宝尽有之。>
12、<动>掌握
<例句：有道之士，贵以近知远。>
13、<形>富有
<例句：礼生于有而废于无。>
14、<名>收获；出产的东西
<例句：退而甘食其土之有。>
15、<连>或者
<例句：故君子有不战，战则必胜。>
16、<助>用在动词前，以助语气
<例句：干将发硎，有作其芒。>
17、<副>通“又”，表示进一层
<例句：虽有槁暴，不复挺者，使之然也。>
18、<连>通“又”，用于整数与零数之间
<例句：臣密今年四十有四。>
",1
953,2489,【子】曰：“吾说夏礼，杞不足徵也,子,"1、<名>婴儿
<例句：干、越。夷貉之子，生而同声，长而异俗。>
2、<名>孩子
<例句：率妻子邑人来此绝境。>
3、<名>儿子或女儿
<例句：而长子迈将赴饶之德兴尉。>
4、<名>对人的尊称
<例句：您>
<例句：子何恃而往？>
5、<名>泛指人
<例句：然陈涉瓮牖绳枢之子，m隶之人，而迁贾徒也。>
6、<名>特称孔子
<例句：子曰：‘岁寒，然后知松柏之后凋也。’>
7、<名>地支的第一位
<例句：光绪十六年春闰二月甲子，余游巴黎蜡人馆。>
8、通“仔”
<例句：仔细>
<例句：详缓看字，子细分明读之。>
9、<名>婴儿
<例句：干、越。夷貉之子，生而同声，长而异俗。>
10、<名>孩子
<例句：率妻子邑人来此绝境。>
11、<名>儿子或女儿
<例句：而长子迈将赴饶之德兴尉。>
12、<名>对人的尊称
<例句：您>
<例句：子何恃而往？>
13、<名>泛指人
<例句：然陈涉瓮牖绳枢之子，m隶之人，而迁贾徒也。>
14、<名>特称孔子
<例句：子曰：‘岁寒，然后知松柏之后凋也。’>
15、<名>地支的第一位
<例句：光绪十六年春闰二月甲子，余游巴黎蜡人馆。>
16、通“仔”
<例句：仔细>
<例句：详缓看字，子细分明读之。>
17、<名>婴儿
<例句：干、越。夷貉之子，生而同声，长而异俗。>
18、<名>孩子
<例句：率妻子邑人来此绝境。>
19、<名>儿子或女儿
<例句：而长子迈将赴饶之德兴尉。>
20、<名>对人的尊称
<例句：您>
<例句：子何恃而往？>
21、<名>泛指人
<例句：然陈涉瓮牖绳枢之子，m隶之人，而迁贾徒也。>
22、<名>特称孔子
<例句：子曰：‘岁寒，然后知松柏之后凋也。’>
23、<名>地支的第一位
<例句：光绪十六年春闰二月甲子，余游巴黎蜡人馆。>
24、通“仔”
<例句：仔细>
<例句：详缓看字，子细分明读之。>
",6
302,1838,“博学之，审【问】之，慎思之，明辨之，笃行之,问,"1、<动>询问
<例句：公问其故。>
2、<动>慰问；问候
<例句：村中闻有此人，咸来问讯。>
3、<动>请教
<例句：犹且从师而问焉。>
4、<动>追究；考察
<例句：第得降卒，必亲引问委曲。>
5、<动>管；干预
<例句：府佐快其所为，阴纵之，不问。>
",4
477,2013,【至】诚之道，可以前知,至,"1、<动>来到；到达
<例句：王无罪岁，斯天下之民至焉。>
2、<形>达到顶点
<例句：二者用精至矣。>
3、<形>周到
<例句：或遇其叱咄，色愈恭，礼愈至，不敢出一言以复。>
4、<副>极；最
<例句：寡助之至，亲戚畔之。>
5、<连>至于
<例句：至桀、纣之暴，犹谓汤、武不当诛之。>
",2
175,1711,凡为天下国家有九经，所以行之者【一】也,一,"1、<数>
<例句：一屠晚归。>
2、<连>一边；一面
<例句：一觞一咏，亦足以畅叙幽情。>
3、<形>同一；一样
<例句：古今一也。>
4、<动>看作一样
<例句：固知一死生为虚诞，齐彭殇为妄作。>
5、<动>统一
<例句：六王毕，四海一。>
6、<动>专一
<例句：用心一也。>
7、<副>全；一概
<例句：而或长烟一空，皓月千里。>
8、<副>一旦
<例句：公子诚一开口请如姬，如姬必许诺。>
9、<副>才；刚刚
<例句：初一交战，操军不利。>
10、<副>初次
<例句：一鼓作气。>
",5
1087,2623,是故君子动而世为天下道，行而世为天下法，言而世【为】天下则,为,"1、做。
<例句：谁为大王为此计者。>
<例句：为之，则难者亦易矣；不为，则易者亦难矣。>
2、成为。
<例句：吾令人望其气，皆为龙虎，成五采。>
3、担任。
<例句：陈胜、吴广皆次当行，为屯长。>
<例句：公为都御史，与太监某守辽东。>
4、是，算是。
<例句：如今人方为刀俎，我为鱼肉。>
<例句：中峨冠而多髯者为东坡。>
<例句：若止印三二本，未为简易。>
5、通""谓""。可译为""说""。
<例句：孔子不能决也，两小儿笑曰：“孰为汝多知乎！”>
6、表被动。
<例句：吾属今为之虏矣。>
<例句：身客死于秦，为天下笑。>
<例句：焦仲卿妻刘氏，为促卿母所遣。>
7、给，替。
<例句：疱丁为文惠君解牛。>
<例句：旦日飨士卒，为击破沛公军！>
<例句：此人一一为具言所闻。（介词后面省略宾语""之""，""为之具言所闻""即给桃花园中的人详细地说出所听说的事情。>
8、向，对。
<例句：如姬为公子泣。>
<例句：媪之送燕后也，持其踵为之泣。>
9、因为。
<例句：百姓之不见保，为不用恩焉。>
<例句：盘庚不为怨者故改其度。>
10、语气词：位于句尾，表疑问、感叹、反诘，可译为""呢""。
<例句：何故怀瑾握瑜，而自令见放为？>
<例句：何辞为？>
11、介词：位于名词前，指某一事物通过某种目的成为另一种专有事物，可译为“作为”。
<例句：吕不韦乃以五百金与子楚，为进用，结宾客。>
",2
152,1688,朝聘以时，厚往【而】薄来，所以怀诸侯也,而,"1、表示并列关系。
<例句：蟹六跪而二螯，非蛇鳝之穴无可寄托者>
<例句：剑阁峥嵘而崔嵬，一夫当关，万夫莫开>
<例句：北救赵而西却秦，此五霸之伐也>
2、表示递进关系。
<例句：君子博学而日参省乎己。>
<例句：楚怀王贪而信张仪，遂绝齐>
<例句：回视日观以西峰，或得日，或否，绛驳色，而皆若偻>
<例句：以其求思之深而无不在也>
3、表示承接关系。
<例句：故舍汝而旅食京师，以求斗斛之禄>
<例句：置之地，拔剑撞而破之。>
<例句：积善成德，而神明自得，圣心备焉。>
<例句：人非生而知之者，孰能无惑>
4、表示转折关系。
<例句：青，取之于蓝，而青于蓝>
<例句：有如此之势，而为秦人积威之所劫>
<例句：信也，吾兄之盛德而夭其嗣乎>
5、表示假设关系。
<例句：诸君而有意，瞻予马首可也。>
<例句：死而有知，其几何离>
<例句：锲而不舍，金石可镂。>
<例句：人而无信，不知其可也。>
6、表示修饰关系。
<例句：吾尝而望矣，不如登高之博见也>
<例句：填然鼓之，兵刃既接，弃甲曳兵而走>
<例句：项王按剑而跽曰：""客何为者？"">
7、表示因果关系。
<例句：余亦悔其随之而不得极夫游之乐也>
<例句：表恶其能而不用也>
<例句：小人不知天命而不畏也。>
8、表示目的关系。
<例句：缦立远视，而望幸焉>
<例句：籍吏民，封府库，而待将军>
<例句：吾恂恂而起。>
9、代词。第二人称，一般作定语，译为""你的""，偶尔也作主语，译为""你""。
<例句：而翁长铨，迁我京职，则汝朝夕侍母。>
10、相当于“以”，表范围。
<例句：形而上者谓之道，形而下者谓之器>
11、表反问语气，相当于“岂”。
<例句：为仁由己，而由人乎哉>
12、动词。同“如”，好像，如同。
<例句：溺死者千有余人军惊而坏都舍。>
13、复音虚词""而已""。放在句末，表示限止的语气助词，相当于""罢了""。
<例句：一人、一桌、一椅、一扇、一抚尺而已。>
<例句：闻道有先后，术业有专攻，如是而已。>
",1
